model,total_return,equity_mult,sharpe,trades,win_rate
rf_fold1088,24.12666630504883,1.2412666630504883,4.100652179294796,43,47.31006065095607
rf_fold1123,22.77718294558877,1.2277718294558877,3.8586282572587014,53,47.33698821882655
rf_fold1024,21.76614959048282,1.2176614959048282,3.7118893656256655,29,47.09000833410501
rf_fold1372,21.2505117378206,1.212505117378206,3.6320586626152944,27,47.14814814814815
rf_fold1038,21.062567205439684,1.2106256720543969,3.6261011390845606,9,47.16191287072513
rf_fold1018,20.921186525474834,1.2092118652547483,3.5646330281858862,35,47.0145625448568
rf_fold855,20.888382224751687,1.208883822247517,3.5852395301969047,17,47.15840666975451
rf_fold848,20.287117574004387,1.2028711757400439,3.4237351660945587,65,47.33101851851852
rf_fold1296,20.222890906221114,1.2022289090622111,3.386892194347608,91,47.4737403482737
rf_fold1033,19.230544446018506,1.192305444460185,3.26240466173858,53,47.00694444444444
rf_fold1036,19.174573177116237,1.1917457317711624,3.2813031294400226,25,47.004629629629626
rf_fold729,18.74227761658396,1.1874227761658396,3.2114319173085417,21,47.11765260873667
rf_fold832,18.21412632188082,1.1821412632188082,3.1091572117204347,27,47.06481481481482
rf_fold852,18.122838798534513,1.1812283879853451,3.059492011865281,69,47.257100495760554
rf_fold544,18.037322133968516,1.1803732213396851,3.0412219061076446,69,47.004629629629626
rf_fold1305,17.897225924605564,1.1789722592460556,3.0587345277107456,23,46.973309567351095
rf_fold1421,17.869093136277314,1.1786909313627731,3.0266324098804493,56,47.11090181304451
rf_fold644,17.753822927560204,1.177538229275602,3.024854676944229,29,46.914351851851855
rf_fold557,17.643051566735313,1.1764305156673531,2.991204379325474,53,47.039351851851855
rf_fold1384,17.5245847404635,1.175245847404635,2.948164537299273,76,47.05324074074074
rf_fold1151,17.263938232465705,1.172639382324657,2.909106196147903,71,47.215019909250856
rf_fold1397,16.96244759794361,1.169624475979436,2.8722921985393532,58,46.90119968502478
rf_fold1297,16.70080731427055,1.1670080731427055,2.8061498894189056,88,47.11111111111111
rf_fold1065,16.4459337042447,1.164459337042447,2.8055251055391013,30,46.826388888888886
rf_fold1363,16.408913891746323,1.1640891389174632,2.8310485990680596,13,46.738712776176754
rf_fold1140,16.290755962876634,1.1629075596287664,2.7915208148733264,23,47.19740430734506
rf_fold674,16.265245615139555,1.1626524561513956,2.816361579508454,47,47.64523978505525
rf_fold706,15.993715256674701,1.159937152566747,2.7417488303337203,17,46.999675640609794
rf_fold1348,15.853991163275793,1.158539911632758,2.685645746650223,53,47.12037037037037
rf_fold803,15.817318177996098,1.158173181779961,2.6947138725694204,35,47.12718181397287
rf_fold912,15.812921950683778,1.1581292195068378,2.65010387890447,92,47.107170143310256
rf_fold992,15.60986331555403,1.1560986331555403,2.6517746832399642,45,47.0162037037037
rf_fold1005,15.543952030182705,1.155439520301827,2.654681585574923,32,46.8287037037037
rf_fold901,15.393890841478463,1.1539389084147846,2.622548669976548,33,46.800925925925924
rf_fold771,15.365248726714832,1.1536524872671483,2.607057494859886,52,46.90509259259259
rf_fold1186,15.246192839593542,1.1524619283959354,2.612336124290259,19,46.921011204741184
rf_fold610,15.050536854876384,1.1505053685487638,2.5534965214373173,49,47.094907407407405
rf_fold953,15.040812322966657,1.1504081232296666,2.55612408726838,43,46.816834892119644
rf_fold736,15.03928227434046,1.1503928227434046,2.568584991259108,22,46.761574074074076
rf_fold1013,14.983806238480103,1.149838062384801,2.5067471422950613,98,47.06944444444445
rf_fold1027,14.896052165590334,1.1489605216559033,2.534867124020952,37,47.16640429669414
rf_fold1112,14.662854724955787,1.1466285472495579,2.490607095028758,45,47.13888888888889
rf_fold1105,14.662147263961067,1.1466214726396107,2.507856009764941,23,47.00694444444444
rf_fold1245,14.615438308291107,1.146154383082911,2.5019392353830856,20,46.6875
rf_fold1429,14.527158941170715,1.1452715894117071,2.456207585825365,60,46.87485499512783
rf_fold801,14.474449090544116,1.1447444909054412,2.464826478114628,37,47.167710508002784
rf_fold1050,14.462356838813562,1.1446235683881356,2.458048792952379,42,46.80324074074074
rf_fold978,14.417465684584885,1.1441746568458488,2.41135516906737,93,47.07870370370371
rf_fold626,14.365383366712535,1.1436538336671254,2.441870060339204,46,46.932870370370374
rf_fold1017,14.190201719932617,1.1419020171993262,2.404432390060862,55,47.0852433208316
rf_fold896,14.050997790844688,1.1405099779084469,2.3657200874185507,74,46.93012918460897
rf_fold1385,13.96749791965295,1.1396749791965295,2.3539695079747056,70,46.91898148148148
rf_fold1366,13.871319486161271,1.1387131948616127,2.3321783896739463,77,47.273148148148145
rf_fold723,13.837503827254327,1.1383750382725433,2.338471461926804,75,47.289351851851855
rf_fold754,13.814474690888368,1.1381447469088837,2.3500378681113667,38,46.97222222222222
rf_fold1365,13.793443558664764,1.1379344355866476,2.314691537039488,79,47.33101851851852
rf_fold1283,13.786173257158897,1.137861732571589,2.348180019086677,33,46.931357796041205
rf_fold1136,13.752417364539005,1.13752417364539,2.341606512927133,39,46.99711574246371
rf_fold1057,13.714626136380637,1.1371462613638064,2.3227431140834773,50,46.995370370370374
rf_fold859,13.713911952240142,1.1371391195224014,2.355264064774497,15,46.91203703703704
rf_fold1193,13.613837029227781,1.1361383702922778,2.3220859901251445,33,46.80474749825459
rf_fold1180,13.494490528112802,1.134944905281128,2.2841271423436957,79,47.437788687093416
rf_fold1338,13.462400623797045,1.1346240062379704,2.2697454658631058,67,47.30543080698181
rf_fold1175,13.42119287614758,1.1342119287614758,2.282890427861275,37,47.053368572355915
rf_fold1164,13.400345429691818,1.1340034542969182,2.270967327780145,54,47.054698457223
rf_fold1060,13.372939371960978,1.1337293937196098,2.2581934906506094,70,46.87962962962963
rf_fold1100,13.323541646377922,1.1332354164637792,2.272520591509431,35,47.16286607246209
rf_fold1083,13.270267967359107,1.132702679673591,2.259325547155319,37,47.174760887733306
rf_fold1279,13.203726682918028,1.1320372668291803,2.230300141758037,64,46.93055555555555
rf_fold1106,13.072955128025153,1.1307295512802515,2.2365004837703784,27,47.09717839242621
rf_fold954,13.068490526459398,1.130684905264594,2.177574298991494,112,47.173611111111114
rf_fold724,12.966435954066636,1.1296643595406664,2.19408090063713,67,47.20575979257339
rf_fold899,12.88136126020385,1.1288136126020385,2.1649970138112478,86,47.01810436634718
rf_fold526,12.83918839766387,1.1283918839766387,2.206827711365159,8,46.476851851851855
rf_fold872,12.761067904747868,1.1276106790474787,2.1848225451986294,19,46.94212962962963
rf_fold1155,12.560578888880825,1.1256057888888082,2.1187477869822695,71,47.14351851851852
rf_fold957,12.547594170687226,1.1254759417068723,2.1217593023149797,61,46.72222222222222
rf_fold1197,12.512312924527969,1.1251231292452797,2.106836136429835,71,46.99481385441749
rf_fold1157,12.497003872741086,1.1249700387274109,2.1019966677620294,75,47.270833333333336
rf_fold1293,12.44493672178779,1.124449367217878,2.1326870410473107,14,46.61774238355403
rf_fold993,12.407181485368724,1.1240718148536872,2.08888740322697,79,47.10185185185185
rf_fold851,12.339467005990091,1.123394670059901,2.076852980562458,73,47.270833333333336
rf_fold831,12.311739836749581,1.1231173983674958,2.0605463020246297,97,47.15251412167794
rf_fold554,12.276544995274396,1.122765449952744,2.0590975943020604,84,47.09953703703704
rf_fold1094,12.248610937385983,1.1224861093738598,2.084438704538845,39,47.15740740740741
rf_fold898,12.194035992873275,1.1219403599287328,2.046693449265636,84,46.95229272811487
rf_fold700,12.191825857673578,1.1219182585767358,2.1511760260058708,9,47.27895503693668
rf_fold880,12.186830270079962,1.1218683027007996,2.0829226080770233,29,47.274482563752386
rf_fold1095,12.148688966549837,1.1214868896654984,2.1070283236230276,25,47.282715322738866
rf_fold1087,12.148184021870922,1.1214818402187092,2.050234290699638,63,47.182870370370374
rf_fold1331,12.10740741141354,1.1210740741141354,2.0340742377490963,77,47.19444444444444
rf_fold708,12.045519293318051,1.1204551929331805,2.057844930115588,27,47.09406690756499
rf_fold671,12.02998850954906,1.1202998850954906,2.0256638290262874,69,47.040029634431505
rf_fold1104,12.020626839079629,1.1202062683907963,2.0544388169951464,25,46.99074074074074
rf_fold1249,11.981391148474806,1.119813911484748,2.0304769940431555,52,46.94573283858998
rf_fold597,11.967318604724575,1.1196731860472457,2.0012405954510575,99,47.14583333333333
rf_fold645,11.951814394754944,1.1195181439475494,2.012884175742422,72,46.87145535776291
rf_fold1252,11.908578683553994,1.11908578683554,2.032567146042596,36,46.96248468281647
rf_fold657,11.858358922480017,1.1185835892248002,1.9928450372417974,83,47.273148148148145
rf_fold1392,11.854658990493917,1.1185465899049392,1.992399656438419,76,47.03472222222223
rf_fold650,11.841092106531903,1.118410921065319,1.9972030337183435,69,47.142063087683546
rf_fold1020,11.800861804337238,1.1180086180433724,2.012067189644621,31,46.71527777777777
rf_fold977,11.79190258428935,1.1179190258428935,1.9790985084419523,89,46.976851851851855
rf_fold815,11.680787004170924,1.1168078700417092,2.014521927679978,11,47.22959561900662
rf_fold1261,11.654796734000406,1.116547967340004,1.9708730264465049,58,46.94675925925926
rf_fold1330,11.626229020990086,1.1162622902099009,1.9541204336830278,71,47.226851851851855
rf_fold1327,11.563712355822942,1.1156371235582294,1.9519531519699809,65,47.050925925925924
rf_fold636,11.45922042791705,1.1145922042791705,1.9575961173145242,25,46.96296296296296
rf_fold1344,11.345841407468459,1.1134584140746846,1.9316637191138124,39,47.14285714285714
rf_fold1075,11.323212091439295,1.113232120914393,1.8971670094179776,87,47.09953703703704
rf_fold1374,11.28864423417637,1.1128864423417637,1.8852441716697428,109,47.173611111111114
rf_fold1085,11.286536064841224,1.1128653606484122,1.905018611614624,71,47.131757699823204
rf_fold583,11.269664078669539,1.1126966407866954,1.9193689755319479,34,46.81846609992819
rf_fold713,11.076048273056571,1.1107604827305657,1.895978739344728,19,46.94444444444444
rf_fold303,10.998987597862286,1.1099898759786229,1.8806301905313079,22,46.92247128566135
rf_fold865,10.99818993463153,1.1099818993463153,1.8573239925301037,69,47.24526203605023
rf_fold809,10.980801921970574,1.1098080192197057,1.8558956954707084,55,47.13657407407407
rf_fold818,10.979910637001744,1.1097991063700174,1.8438673577379747,81,47.235855171775164
rf_fold1354,10.971578271843319,1.1097157827184332,1.842510823745726,73,47.24305555555556
rf_fold894,10.955690176266009,1.10955690176266,1.8282140561266846,111,47.11805555555556
rf_fold1303,10.917848209496462,1.1091784820949646,1.8216376244193597,99,47.041666666666664
rf_fold743,10.88712206995921,1.108871220699592,1.8677300293800005,14,46.63194444444444
rf_fold1044,10.875572403573063,1.1087557240357306,1.8355109766648223,66,46.86111111111111
rf_fold1388,10.79254386109949,1.107925438610995,1.8039311195983685,95,47.00694444444444
rf_fold932,10.754726594371288,1.1075472659437129,1.8087107969292835,81,46.9453525306624
rf_fold549,10.746772724945043,1.1074677272494504,1.8019338517455064,89,47.26008083466491
rf_fold1335,10.650591508650574,1.1065059150865058,1.809723954719373,43,47.150199092508565
rf_fold1240,10.624688200061684,1.1062468820006168,1.8122566466628713,36,46.66898148148148
rf_fold655,10.612816528021241,1.1061281652802124,1.813974267075394,23,46.98644421272159
rf_fold793,10.58705110960576,1.1058705110960576,1.784835055585244,73,47.263888888888886
rf_fold541,10.581372237160803,1.105813722371608,1.7654061036092703,107,47.103898509121215
rf_fold791,10.563058533091297,1.105630585330913,1.7732384828058518,73,47.16203703703704
rf_fold903,10.533971939281317,1.1053397193928132,1.7819925001457295,60,46.89351851851852
rf_fold1169,10.490445925196124,1.1049044592519612,1.7542451430935082,97,47.25462962962963
rf_fold1418,10.454395461323474,1.1045439546132347,1.7619899440337166,63,47.15509259259259
rf_fold1074,10.424421250651172,1.1042442125065117,1.7427157928980765,93,46.96643269163945
rf_fold958,10.322831639115805,1.103228316391158,1.7666483569904476,20,46.693372852313246
rf_fold1098,10.259925097891486,1.1025992509789149,1.7503881931091463,29,47.020833333333336
rf_fold759,10.20538926179757,1.1020538926179757,1.7842703786905472,28,47.05464688728287
rf_fold566,10.189248924632398,1.101892489246324,1.7229234533979656,60,46.85899664001853
rf_fold616,10.189094755781824,1.1018909475578182,1.719121321822678,64,46.84678427559383
rf_fold1373,10.111201083445964,1.1011120108344596,1.70999033181276,73,47.07462202773726
rf_fold755,10.086734986995305,1.100867349869953,1.707736457685136,56,46.90249097138624
rf_fold927,10.078936686777972,1.1007893668677797,1.7254375059390612,19,46.632016149615986
rf_fold1188,10.061853740185844,1.1006185374018584,1.689434916119492,81,47.263888888888886
rf_fold1102,9.963401954308981,1.0996340195430898,1.6977622859234112,31,46.97453703703704
rf_fold681,9.931214165131209,1.099312141651312,1.7056791391234807,13,46.88888888888889
rf_fold1356,9.930737961765356,1.0993073796176536,1.6893387229457453,33,47.0
rf_fold961,9.918730674066412,1.0991873067406641,1.6589599018182637,98,46.99740716733031
rf_fold844,9.895597589998362,1.0989559758999836,1.6586754952575458,97,47.18523493041243
rf_fold652,9.851211781390345,1.0985121178139035,1.6518993294055728,87,47.13194444444444
rf_fold684,9.83013250118201,1.09830132501182,1.6869422206219389,11,46.85604482103996
rf_fold1107,9.751797889762837,1.0975179788976284,1.6733497390946421,13,46.88505614075703
rf_fold691,9.749883148826743,1.0974988314882674,1.6726982106228436,13,46.926362707772306
rf_fold534,9.749212242341866,1.0974921224234186,1.6704019390155802,14,46.574074074074076
rf_fold1129,9.659346441540784,1.0965934644154078,1.6208029440310172,83,47.12268518518519
rf_fold875,9.649245561932961,1.0964924556193296,1.6537271514406091,13,46.87037037037037
rf_fold1414,9.644590183151113,1.0964459018315111,1.6173593892963682,97,47.10511653821153
rf_fold924,9.629890109544315,1.0962989010954431,1.6154424697886383,83,46.91898148148148
rf_fold692,9.612718607977033,1.0961271860797703,1.6466185330812186,19,46.895545883878135
rf_fold1416,9.599808154838385,1.0959980815483839,1.6184125541348156,65,46.999722196499675
rf_fold625,9.53246931385916,1.0953246931385916,1.6133070842555126,58,46.88657407407407
rf_fold1341,9.517633070141285,1.0951763307014128,1.6236996604559522,37,47.041666666666664
rf_fold744,9.493450593649122,1.0949345059364912,1.6259776664162564,16,46.67779091056571
rf_fold1063,9.405429288597134,1.0940542928859713,1.6169746345340774,36,46.95935198100972
rf_fold642,9.32975639350766,1.0932975639350766,1.5994358402013784,13,46.796134504414724
rf_fold688,9.257517422353523,1.0925751742235352,1.5903372035560768,11,46.83796296296296
rf_fold654,9.200734399979682,1.0920073439997968,1.5308227797214256,115,47.33796296296296
rf_fold871,9.156764120043515,1.0915676412004351,1.558389302114713,39,47.0
rf_fold705,9.122709238028426,1.0912270923802843,1.553313588255785,45,47.06018518518518
rf_fold1431,9.094013809052083,1.0909401380905208,1.5344800097232103,70,46.89583333333333
rf_fold935,9.084389519536584,1.0908438951953658,1.5304421528391214,69,46.86342592592593
rf_fold696,9.078360626718851,1.0907836062671885,1.5554548437162594,13,46.90509259259259
rf_fold770,9.062367758881118,1.0906236775888112,1.5069930989247993,113,47.17824074074074
rf_fold1291,9.038761515500626,1.0903876151550063,1.5104290282872948,98,47.05800496323956
rf_fold979,9.01959832252559,1.090195983225256,1.5030406323984906,107,47.09953703703704
rf_fold827,8.966560756257413,1.0896656075625741,1.5014813545925811,95,47.02546296296296
rf_fold1154,8.96334685135165,1.0896334685135165,1.507201334106932,81,47.161774238355406
rf_fold1053,8.961656423253661,1.0896165642325366,1.5090477520236856,68,46.800925925925924
rf_fold1351,8.95893530842391,1.089589353084239,1.506118975465759,73,47.19707319332206
rf_fold721,8.945714163739037,1.0894571416373904,1.5248504313816689,31,46.976851851851855
rf_fold680,8.916726287265098,1.089167262872651,1.5300077045474738,13,46.87268518518518
rf_fold1037,8.91664225114399,1.08916642251144,1.5363971591163925,67,47.0918897019725
rf_fold1364,8.887283536615165,1.0888728353661516,1.483636317416279,99,47.270833333333336
rf_fold660,8.87433503984052,1.0887433503984052,1.4870890336612541,91,47.229166666666664
rf_fold854,8.847951127086318,1.0884795112708632,1.506471970724539,35,47.0462962962963
rf_fold695,8.811159663748258,1.0881115966374826,1.5096022810800793,13,46.869935639209146
rf_fold849,8.79514609028087,1.0879514609028087,1.4646997265544413,123,47.724587684892015
rf_fold867,8.773913079214513,1.0877391307921451,1.5014348195580338,27,46.916666666666664
rf_fold1118,8.763235783976576,1.0876323578397658,1.4773508061496698,79,47.14351851851852
rf_fold1052,8.721605751493433,1.0872160575149343,1.4745230262804738,64,46.89583333333333
rf_fold1387,8.664420554734154,1.0866442055473415,1.4417343339986268,111,47.1770823660507
rf_fold676,8.603761681301458,1.0860376168130146,1.4378038797737207,101,47.1999629440919
rf_fold623,8.50902134245468,1.0850902134245468,1.438994562831024,54,46.85416666666667
rf_fold1051,8.422644817389147,1.0842264481738915,1.4252271665784262,54,46.80555555555556
rf_fold1041,8.354458795517171,1.0835445879551717,1.421758516949769,46,46.91978238222016
rf_fold1150,8.321569203394574,1.0832156920339457,1.4286449399856385,9,46.80787037037037
rf_fold876,8.286049412295938,1.0828604941229594,1.415944160537091,25,46.90046296296296
rf_fold346,8.278833776222738,1.0827883377622274,1.421080309899981,9,46.827472858168015
rf_fold709,8.249187527690127,1.0824918752769013,1.40522903903098,41,46.97222222222222
rf_fold203,8.241496389752001,1.08241496389752,1.4138148307049196,13,46.84259259259259
rf_fold702,8.218648351402402,1.082186483514024,1.4093308486348939,17,46.87731481481482
rf_fold1103,8.208346814123857,1.0820834681412386,1.3946944805229842,43,46.979166666666664
rf_fold1432,8.207899567114696,1.082078995671147,1.4081384314143466,12,46.64700006968479
rf_fold592,8.189385177595065,1.0818938517759507,1.3703654524816107,100,47.00925925925926
rf_fold662,8.069215492127114,1.0806921549212711,1.3718737516084392,39,47.02777777777778
rf_fold506,8.053828501426107,1.080538285014261,1.3817687694327034,13,46.83304009630521
rf_fold1264,8.044930243099934,1.0804493024309993,1.353481971193186,74,46.94444444444444
rf_fold690,7.986490902157928,1.0798649090215793,1.3678088668301889,17,46.8587962962963
rf_fold1064,7.951656322872935,1.0795165632287294,1.366066106753942,10,46.56042988835873
rf_fold716,7.922813507582416,1.0792281350758242,1.3437015350787804,49,47.0162037037037
rf_fold191,7.885365726378013,1.0788536572637801,1.3526081461936914,13,46.95189896926363
rf_fold907,7.84372778378486,1.0784372778378486,1.3015910064892153,116,47.08101851851852
rf_fold1233,7.814830316525989,1.07814830316526,1.3370808615570138,26,46.479166666666664
rf_fold1071,7.807929211606135,1.0780792921160613,1.3093789113630216,81,46.90740740740741
rf_fold646,7.697407874170525,1.0769740787417053,1.3203523250436726,11,46.817129629629626
rf_fold1306,7.694489490885004,1.07694489490885,1.3198749507314953,11,46.82486398888761
rf_fold712,7.682283961888592,1.076822839618886,1.3101812627264733,41,46.99074074074074
rf_fold1219,7.6753335850859195,1.0767533358508592,1.319146940240385,10,46.518442718265966
rf_fold1165,7.633010435081977,1.0763301043508198,1.2729541397401922,110,46.99074074074074
rf_fold1255,7.56664447017672,1.0756664447017672,1.2713069612897465,80,46.8413620685664
rf_fold307,7.4998978847015785,1.0749989788470158,1.2876597721825027,8,46.424685756614736
rf_fold845,7.485527239561374,1.0748552723956137,1.262572896920871,81,47.04139272154829
rf_fold686,7.326965931971863,1.0732696593197186,1.2542456377412665,21,46.8587962962963
rf_fold497,7.264059597229,1.07264059597229,1.2460736690735437,12,46.55555555555556
rf_fold697,7.212828671469884,1.0721282867146988,1.23283401827202,25,46.89814814814815
rf_fold348,7.198912092099707,1.071989120920997,1.2352377906639822,17,47.06713448089104
rf_fold54,7.197676473676484,1.0719767647367648,1.2341592508889012,14,46.96459663377829
rf_fold796,7.184033572156645,1.0718403357215665,1.2079497623692292,87,47.03472222222223
rf_fold615,7.183498584143044,1.0718349858414304,1.2297477885024957,20,46.61574074074074
rf_fold1263,7.175446775838545,1.0717544677583855,1.2328540856395733,6,46.59225396236047
rf_fold862,7.173883809184822,1.0717388380918482,1.2178408834888979,45,47.00925925925926
rf_fold704,7.148998164443876,1.0714899816444388,1.217162573713815,45,46.9904620798222
rf_fold568,7.142454670400911,1.071424546704009,1.1813985998847956,137,47.1906470656326
rf_fold546,7.125273498679108,1.071252734986791,1.1871130205581528,114,47.20186072737525
rf_fold1008,7.1234446968520215,1.0712344469685202,1.2023557946213284,64,46.8125
rf_fold733,7.042283788391557,1.0704228378839156,1.1856781752081123,70,46.81097349230235
rf_fold1192,6.995742677231309,1.069957426772313,1.177438465633635,77,47.238922030593535
rf_fold253,6.986210561628137,1.0698621056162814,1.1971050978204556,15,46.8287037037037
rf_fold1314,6.978561480065837,1.0697856148006584,1.1611827730653226,118,47.12037037037037
rf_fold1206,6.898013082990451,1.0689801308299045,1.1849489062110843,34,46.94657411662273
rf_fold1218,6.811120705845886,1.0681112070584589,1.1684260163795208,16,46.483633501551
rf_fold571,6.793030526688559,1.0679303052668856,1.1311213193048961,114,47.04398148148148
rf_fold950,6.756809908884143,1.0675680990888414,1.1478488951163137,45,46.62098025142963
rf_fold946,6.732825544817622,1.0673282554481762,1.1203050425641505,121,47.07668768545994
rf_fold1276,6.695452561790094,1.066954525617901,1.1133070451248417,111,47.00231481481482
rf_fold533,6.615836769096672,1.0661583676909667,1.1334057033897216,19,46.824074074074076
rf_fold441,6.608368824519495,1.066083688245195,1.1319553500030661,17,46.824074074074076
rf_fold569,6.56390030966838,1.0656390030966838,1.092755464826612,117,47.04981554096383
rf_fold1178,6.551621603618885,1.0655162160361888,1.0996583687996218,97,47.11342592592593
rf_fold1220,6.531155794710264,1.0653115579471026,1.1195727331714262,16,46.44444444444444
rf_fold536,6.491421492993021,1.0649142149299302,1.1122295543051972,16,46.580701916844156
rf_fold11,6.470047348227892,1.064700473482279,1.1061733464050478,21,46.89258993305691
rf_fold299,6.404336613487072,1.0640433661348707,1.095406746509597,21,46.932230175699544
rf_fold1210,6.342962668834984,1.0634296266883498,1.0875883158997737,20,46.471816283924845
rf_fold1318,6.325367818216443,1.0632536781821644,1.0527334462686868,109,46.942933209862254
rf_fold745,6.321605558920718,1.0632160555892072,1.0711188854922085,57,47.013782542113326
rf_fold668,6.278850974795924,1.0627885097479592,1.0489356300158235,99,47.15740740740741
rf_fold1079,6.2695109440428665,1.0626951094404287,1.0422651991259029,113,47.217592592592595
rf_fold1235,6.254374776429961,1.0625437477642996,1.0694043870674503,20,46.465862524020096
rf_fold1114,6.144992495394708,1.061449924953947,1.0204645391951768,119,47.30324074074074
rf_fold1268,6.132340363484956,1.0613234036348496,1.0263622333655196,94,46.922862712336396
rf_fold1377,6.131294523469655,1.0613129452346965,1.0347187881960287,63,46.75324675324675
rf_fold922,6.095991884731911,1.060959918847319,1.0127751175192468,117,47.02981757570146
rf_fold94,6.082531339032959,1.0608253133903296,1.0429117410404014,15,46.761574074074076
rf_fold711,6.079288284664064,1.0607928828466406,1.0343032856034715,43,46.967592592592595
rf_fold1343,6.062170449482962,1.0606217044948296,1.019981259690688,69,47.10185185185185
rf_fold783,6.058264332120089,1.060582643321201,1.0140806318686284,97,47.030092592592595
rf_fold1226,6.0489488031651995,1.060489488031652,1.0350344653169858,28,46.4537037037037
rf_fold1227,5.994044178046121,1.0599404417804612,1.0252497688228224,24,46.479166666666664
rf_fold620,5.98733084427816,1.0598733084427816,1.018744648857434,38,46.73663724195454
rf_fold869,5.982649460082157,1.0598264946008216,1.0152580614236018,47,46.960648148148145
rf_fold1152,5.958984208754914,1.0595898420875491,1.005558423309,73,47.09027777777778
rf_fold1267,5.937187302475766,1.0593718730247577,1.0201371470967624,17,47.03988936839846
rf_fold752,5.873745011673082,1.0587374501167308,1.004637660949079,37,46.770833333333336
rf_fold678,5.844486830961837,1.0584448683096184,0.9917303253873342,49,47.00231481481482
rf_fold810,5.761949291545965,1.0576194929154596,0.9831990826046971,33,46.88687112017048
rf_fold531,5.70179334402281,1.057017933440228,0.9781348597624323,14,46.46172365101044
rf_fold1117,5.689383898548694,1.056893838985487,0.9498325848730095,105,47.219907407407405
rf_fold960,5.668268858449288,1.0566826885844929,0.9642159329453353,42,46.652428266319994
rf_fold728,5.630736237789291,1.056307362377893,0.9399155924415209,100,46.94605232692753
rf_fold529,5.627996404906499,1.056279964049065,0.9656905618980667,18,46.44212962962963
rf_fold802,5.393991037483525,1.0539399103748353,0.9042163553495604,83,46.976507112738055
rf_fold582,5.374882723593788,1.0537488272359379,0.8983622193869626,108,47.020833333333336
rf_fold1254,5.335415766439167,1.0533541576643917,0.8934091847124576,92,46.85185185185185
rf_fold760,5.3267941874770575,1.0532679418747706,0.9105074787062389,24,46.51851851851852
rf_fold1196,5.31803355461542,1.0531803355461542,0.8886519123111041,97,47.05201509294197
rf_fold1350,5.263713931396041,1.0526371393139604,0.8893116148668883,61,47.039351851851855
rf_fold1076,5.237298538183666,1.0523729853818367,0.8766340234189008,99,47.02546296296296
rf_fold543,5.1867519498940196,1.0518675194989402,0.8883905744148937,17,46.8757958097002
rf_fold98,5.171114270255872,1.0517111427025587,0.8848236316842516,19,46.75231481481482
rf_fold306,5.071667194353635,1.0507166719435364,0.8699174559278222,13,46.77235374909793
rf_fold1361,5.065610468141157,1.0506561046814116,0.8433307148542194,109,47.13657407407407
rf_fold685,5.02024881343619,1.050202488134362,0.8557483053507692,31,46.85185185185185
rf_fold1369,5.015190335278352,1.0501519033527835,0.8317357356813352,115,47.20138888888889
rf_fold1242,5.003603632801368,1.0500360363280137,0.8440246661124956,66,46.761574074074076
rf_fold850,4.994428938132889,1.0499442893813289,0.8352624034715682,97,47.041666666666664
rf_fold889,4.969284904227367,1.0496928490422737,0.83134523813643,91,47.199074074074076
rf_fold1407,4.968295961609903,1.049682959616099,0.8441823040445692,43,46.90249097138624
rf_fold1215,4.9547901058131005,1.049547901058131,0.8461054816004654,32,46.49305555555556
rf_fold1028,4.913384197515036,1.0491338419751504,0.8184488289008328,117,47.19212962962963
rf_fold627,4.90314493313011,1.049031449331301,0.8384404198286299,24,46.86776553384573
rf_fold1250,4.857651974575972,1.0485765197457597,0.8234526582630936,50,46.67824476091235
rf_fold1422,4.803237301373309,1.048032373013733,0.8234445982016594,28,46.8238423407085
rf_fold982,4.713724112946549,1.0471372411294655,0.7824864767648414,120,47.20424870706649
rf_fold532,4.649640562586899,1.046496405625869,0.7958301152773928,24,46.462471639579576
rf_fold677,4.59929579358711,1.045992957935871,0.7724779201270251,83,47.164351851851855
rf_fold1003,4.579688381113378,1.0457968838111338,0.7597472064933146,133,47.14351851851852
rf_fold614,4.554628797462046,1.0455462879746205,0.777563214717487,29,46.87037037037037
rf_fold62,4.539197429209785,1.0453919742920978,0.7765098910438974,19,46.719907407407405
rf_fold587,4.532272643440005,1.0453227264344,0.7567093802692323,98,46.87731481481482
rf_fold289,4.495384633955446,1.0449538463395545,0.7677628876506681,27,46.8826888259598
rf_fold1301,4.441756960241827,1.0444175696024183,0.737832316879425,115,47.0162037037037
rf_fold1355,4.421613280466197,1.044216132804662,0.7425946694641369,79,47.09027777777778
rf_fold1247,4.405854142198895,1.044058541421989,0.7527504650807336,23,46.708333333333336
rf_fold1228,4.29985281391192,1.0429985281391192,0.7328408146226426,32,46.451388888888886
rf_fold1424,4.2993579863603415,1.0429935798636034,0.7169778049954826,100,47.05965275004112
rf_fold739,4.159359469147117,1.0415935946914712,0.7003526618730656,70,46.738425925925924
rf_fold804,4.122733862264494,1.041227338622645,0.6887081699711973,99,47.182870370370374
rf_fold1248,4.113064124497057,1.0411306412449706,0.7044119926197293,16,46.43353404353868
rf_fold1284,4.030914865308133,1.0403091486530813,0.7399928282904435,28,47.35000767224183
rf_fold139,3.9935417305725807,1.0399354173057258,0.6821299326051073,25,46.80322924882847
rf_fold608,3.906060037885406,1.039060600378854,0.6566271489435427,80,46.763888888888886
rf_fold603,3.9039069881646515,1.0390390698816465,0.6542720528747037,94,46.870080563015094
rf_fold1234,3.7702043302893173,1.0377020433028932,0.6432997543322924,34,46.432870370370374
rf_fold1213,3.754945115637387,1.0375494511563739,0.6422124557328831,26,46.47884063339198
rf_fold1257,3.732216910311248,1.0373221691031125,0.6195396344189444,114,46.94212962962963
rf_fold624,3.6745487908087293,1.0367454879080873,0.6284726972013279,22,46.626351901383885
rf_fold1211,3.6669640059446618,1.0366696400594466,0.6236327614646157,32,46.4837962962963
rf_fold939,3.663040307503307,1.036630403075033,0.6256409172848613,25,46.85478993160564
rf_fold916,3.611721223231612,1.0361172122323161,0.6101128611459896,65,46.8157668839756
rf_fold281,3.598338052514838,1.0359833805251484,0.6128147746487672,34,46.5
rf_fold753,3.5127543895079105,1.035127543895079,0.6020254579653386,23,46.772849337901654
rf_fold1410,3.479169074454602,1.034791690744546,0.5769716204658192,119,47.21296296296296
rf_fold1409,3.4484093779913794,1.0344840937799138,0.592918647792376,7,46.72208354919229
rf_fold355,3.41089961048755,1.0341089961048755,0.5792825122761907,45,46.86111111111111
rf_fold787,3.3356662995999375,1.0333566629959994,0.5531454258563361,123,47.22453703703703
rf_fold870,3.2514619958944335,1.0325146199589443,0.5485955266815851,63,46.95601851851852
rf_fold1379,3.2495555051988756,1.0324955550519888,0.558464060722071,44,46.890221515114426
rf_fold564,3.2197130991918677,1.0321971309919187,0.5480050438300492,57,47.18972076663556
rf_fold1089,3.2196792622584347,1.0321967926225843,0.5365691094186408,109,47.18981481481481
rf_fold1231,3.1692474421027184,1.0316924744210272,0.5423523954998242,20,46.458333333333336
rf_fold805,3.15528016430644,1.0315528016430644,0.5277781843134344,101,47.21064814814815
rf_fold1001,3.1441090444138453,1.0314410904441385,0.5157354555178043,161,47.25900546346884
rf_fold829,3.1114289531364747,1.0311142895313647,0.5173365361482766,117,47.13657407407407
rf_fold926,3.111050013907768,1.0311105001390777,0.517865930732425,105,46.93504328904116
rf_fold1061,2.7166057585330528,1.0271660575853305,0.4528221602423594,112,46.88194444444444
rf_fold572,2.677246353098872,1.0267724635309887,0.4466601647089516,112,46.87037037037037
rf_fold1208,2.6293982271105465,1.0262939822711055,0.472989126010832,22,46.7146518348874
rf_fold588,2.5924666628201587,1.0259246666282016,0.4417573387878859,29,46.729166666666664
rf_fold672,2.5610106943822375,1.0256101069438224,0.4266430473492259,109,47.14814814814815
rf_fold764,2.4805130741701875,1.0248051307417019,0.415534462741127,92,46.8912037037037
rf_fold407,2.425831792116462,1.0242583179211646,0.4122782667318076,43,46.84338465100127
rf_fold1309,2.3577329427113547,1.0235773294271135,0.3949591571800358,93,46.898803046789986
rf_fold973,2.346824586085239,1.0234682458608524,0.3871005328201002,138,47.039351851851855
rf_fold883,2.3134993832850226,1.0231349938328502,0.3845203028617861,119,47.19212962962963
rf_fold638,2.269113978601034,1.0226911397860103,0.3745519955188708,136,47.07870370370371
rf_fold1289,2.195398039050578,1.0219539803905058,0.36052550061555666,154,47.1712962962963
rf_fold1396,2.1575519753061823,1.0215755197530618,0.3574552676607398,136,47.115473654968056
rf_fold661,2.157344209808132,1.0215734420980813,0.3579778859412747,123,47.16898148148148
rf_fold767,2.0728432014944342,1.0207284320149443,0.34576430910902,112,46.9375
rf_fold467,1.987685264973793,1.019876852649738,0.3390764119572521,33,46.87529018478968
rf_fold1298,1.9776803123043418,1.0197768031230434,0.3267614493160276,138,47.09027777777778
rf_fold1139,1.9486140626394421,1.0194861406263944,0.3243690834092134,128,46.95138888888889
rf_fold18,1.776875533764799,1.017768755337648,0.30114175729418935,50,46.878771001578016
rf_fold1236,1.655321142724464,1.0165532114272446,0.28105955113773234,46,46.458333333333336
rf_fold719,1.6288388204223292,1.0162883882042233,0.27507266417551873,63,46.9837962962963
rf_fold402,1.555837435544638,1.0155583743554464,0.2651236869444075,33,46.68998424905031
rf_fold1132,1.5529755305772053,1.015529755305772,0.2583133744659158,114,46.89351851851852
rf_fold1084,1.2618489513726905,1.012618489513727,0.21207679548209019,81,46.916666666666664
rf_fold648,1.19998821806917,1.0119998821806917,0.19831476148455943,139,47.067129629629626
rf_fold920,0.9449880719387016,1.009449880719387,0.15683523898403337,119,46.91203703703704
rf_fold1204,0.8661877126939554,1.0086618771269396,0.14469313110335338,102,46.91898148148148
rf_fold675,0.8615775856845698,1.0086157758568457,0.14725858932403915,23,46.824074074074076
rf_fold520,0.8347838056226076,1.008347838056226,0.14307866275814593,10,46.451388888888886
rf_fold580,0.6946313470749699,1.0069463134707497,0.11515967470961223,136,46.923611111111114
rf_fold909,0.6746946136277465,1.0067469461362775,0.11282675368060914,106,46.710648148148145
rf_fold361,0.6539096377085052,1.006539096377085,0.11040032480033536,65,46.62962962962963
rf_fold1230,0.550838547414001,1.00550838547414,0.09423715960539612,22,46.47222222222222
rf_fold1055,0.5333751365473649,1.0053337513654736,0.08913369298689394,100,46.87037037037037
rf_fold519,0.49441778818031246,1.0049441778818031,0.08637768224252164,10,46.79789368104313
rf_fold1138,0.28240852542298356,1.0028240852542298,0.04673498820896699,138,46.967592592592595
rf_fold1127,0.23861473241104658,1.0023861473241105,0.03991222211949887,103,47.171318485104784
rf_fold725,0.2271583851169101,1.002271583851169,0.03739014135582372,154,47.125
rf_fold502,0.213276203900592,1.002132762039006,0.03664980768108537,6,46.51513045090134
rf_fold1337,0.16345688055046104,1.0016345688055046,0.027258491439958708,110,46.90314792459838
rf_fold1121,0.14589766756682998,1.0014589766756683,0.024286355376968636,117,47.01851851851852
rf_fold1093,0.12086309500303205,1.0012086309500303,0.020212246887817312,107,47.19675925925926
rf_fold516,0.10350580336568882,1.0010350580336569,0.017727194603981165,18,46.51448151320816
rf_fold762,0.04420796471693578,1.0004420796471694,0.007466409146515689,63,46.84259259259259
rf_fold1319,-0.048435503613342146,0.9995156449638666,-0.008170906955587967,64,46.558310759185936
rf_fold472,-0.2517533783421899,0.9974824662165781,-0.04326578072944669,6,46.42129629629629
rf_fold768,-0.3233188010283605,0.9967668119897164,-0.0536302143390573,126,46.87731481481482
rf_fold670,-0.5768663763580983,0.994231336236419,-0.09562811781704153,129,47.18518518518518
rf_fold336,-0.5869106690731707,0.9941308933092683,-0.10068474830137121,12,46.72453703703704
rf_fold882,-0.6273621391800543,0.9937263786081995,-0.1040076758063775,127,47.049700224542235
rf_fold393,-0.6526110506964167,0.9934738894930358,-0.1105735676737518,51,46.800925925925924
rf_fold317,-0.7496840775870983,0.992503159224129,-0.12860744758166243,31,46.688709986582325
rf_fold942,-0.757270357264106,0.9924272964273589,-0.12495735366302671,154,46.99305555555556
rf_fold20,-0.8166300584757424,0.9918336994152426,-0.1391907916646514,34,46.72903705079395
rf_fold1325,-0.934291188064762,0.9906570881193524,-0.1547667996072639,123,47.00231481481482
rf_fold264,-0.9664624896718821,0.9903353751032812,-0.16420846713014045,43,46.513351397670164
rf_fold794,-0.9722864552413224,0.9902771354475868,-0.16175934972967687,113,47.227829679357775
rf_fold985,-1.0570478360879543,0.9894295216391205,-0.17368604366495166,162,47.06481481481482
rf_fold327,-1.0663068649031882,0.9893369313509681,-0.18303571512612724,10,46.682870370370374
rf_fold962,-1.1364054019981529,0.9886359459800185,-0.18896602871103896,127,46.81481481481482
rf_fold788,-1.1717455652560993,0.988282544347439,-0.1941677534740359,139,47.19212962962963
rf_fold1014,-1.1758395656997656,0.9882416043430023,-0.19314097934783148,168,47.10416666666667
rf_fold1189,-1.187684799842148,0.9881231520015785,-0.19679086306423918,127,47.21527777777778
rf_fold956,-1.228338686565622,0.9877166131343438,-0.21101830511210823,57,46.74926428765735
rf_fold866,-1.258497053430585,0.9874150294656941,-0.21050682630879797,93,47.039351851851855
rf_fold1176,-1.2733103142912983,0.987266896857087,-0.2108160155654677,131,47.16203703703704
rf_fold540,-1.3033183879471055,0.986966816120529,-0.2646985359643229,32,47.762185826525425
rf_fold129,-1.3382886810495487,0.9866171131895045,-0.22955996441306523,10,46.520833333333336
rf_fold955,-1.3711841018793525,0.9862881589812065,-0.23071005326697275,75,46.81018518518518
rf_fold833,-1.4050912807751836,0.9859490871922482,-0.23125618983868124,155,46.986111111111114
rf_fold514,-1.4142291921201755,0.9858577080787982,-0.24269302573860335,12,46.44444444444444
rf_fold108,-1.4559439550546283,0.9854405604494537,-0.24712140460882848,47,46.75
rf_fold1430,-1.5203416913998735,0.9847965830860013,-0.25060719320191294,140,46.916666666666664
rf_fold581,-1.6603791529417822,0.9833962084705822,-0.339819035091946,7,47.37952866690116
rf_fold558,-1.6939729068558895,0.9830602709314411,-0.2807907208099058,128,47.04220786737977
rf_fold878,-1.7258131962386236,0.9827418680376138,-0.28921293522964847,95,47.00925925925926
rf_fold205,-1.72651954747155,0.9827348045252845,-0.2957304539452062,16,46.67316032375519
rf_fold1221,-1.9529428942926086,0.9804705710570739,-0.3330999763763571,44,46.53193437081896
rf_fold1390,-1.9687004086668236,0.9803129959133318,-0.32405895848253025,156,47.12119458270633
rf_fold418,-2.044585823357181,0.9795541417664282,-0.35323697378955776,5,46.85712918431316
rf_fold1135,-2.1478699945804536,0.9785213000541955,-0.35294136046267555,158,47.10648148148148
rf_fold679,-2.148011203768152,0.9785198879623185,-0.35887473510730955,95,47.011574074074076
rf_fold1275,-2.209039877494634,0.9779096012250537,-0.3689863968649117,97,46.708333333333336
rf_fold235,-2.258691370618804,0.977413086293812,-0.3864297647472622,20,46.80324074074074
rf_fold816,-2.2763500788069435,0.9772364992119306,-0.3745116836085876,135,46.995370370370374
rf_fold715,-2.3480457635748575,0.9765195423642514,-0.39510898628756336,75,46.85185185185185
rf_fold527,-2.3533800986706876,0.9764661990132931,-0.39899904087796884,59,47.1882236189216
rf_fold229,-2.36751158441173,0.9763248841558827,-0.4004173303916828,57,46.765904250393554
rf_fold140,-2.470375214720111,0.9752962478527989,-0.4226776150937872,24,46.77509164307921
rf_fold1244,-2.5326800083081635,0.9746731999169184,-0.42766189231145346,56,46.56368148818222
rf_fold498,-2.555565480511124,0.9744443451948888,-0.43907536671356984,4,46.476525604222616
rf_fold847,-2.638326241717337,0.9736167375828266,-0.4355943827564492,141,47.083333333333336
rf_fold800,-2.665067825975187,0.9733493217402481,-0.4377015027033311,153,47.24768518518518
rf_fold1232,-2.697980764206631,0.9730201923579337,-0.5443655615754188,9,47.33187555146354
rf_fold1090,-2.7161589596209623,0.9728384104037904,-0.45725490770486255,65,46.75432910454671
rf_fold777,-2.771367846348194,0.9722863215365181,-0.4583500451593585,129,47.15972222222222
rf_fold434,-2.771660065586612,0.9722833993441339,-0.46863175767540094,55,46.77546296296296
rf_fold825,-2.777456723221372,0.9722254327677863,-0.4581019158622544,143,47.0162037037037
rf_fold1099,-2.8574534910780436,0.9714254650892196,-0.48193483570191464,67,46.94279165605538
rf_fold1030,-2.867060622509887,0.9713293937749011,-0.48587692747005945,53,46.84722222222222
rf_fold885,-2.913737708565811,0.9708626229143419,-0.48080651903655347,145,47.217592592592595
rf_fold609,-2.9846328931125155,0.9701536710688748,-0.497066108377508,108,46.8287037037037
rf_fold216,-3.069809886214503,0.969301901137855,-0.5152561802190714,81,46.965827839167986
rf_fold629,-3.1378894524466627,0.9686211054755334,-0.5318232500440577,53,46.80324074074074
rf_fold501,-3.149232652030487,0.9685076734796951,-0.5402583977357799,12,46.5162037037037
rf_fold1035,-3.177371556185682,0.9682262844381432,-0.5246120398699102,127,46.87268518518518
rf_fold612,-3.1783303971216537,0.9682166960287835,-0.526823310431275,128,46.87962962962963
rf_fold263,-3.240784028579713,0.9675921597142029,-0.5521795013107619,32,46.62559507140857
rf_fold425,-3.2665103612327995,0.967334896387672,-0.5503937447445141,65,46.84953703703704
rf_fold76,-3.3085312927727872,0.9669146870722721,-0.5593805981937786,57,46.74305555555556
rf_fold687,-3.368384080582054,0.9663161591941795,-0.5657875041689595,83,46.8912037037037
rf_fold144,-3.4619579333514783,0.9653804206664852,-0.5917235036040623,28,46.738425925925924
rf_fold1326,-3.5546654656031462,0.9644533453439685,-0.7553635549704213,23,47.88282410115646
rf_fold209,-3.561927431843359,0.9643807256815664,-0.6078042534998106,30,46.77583730949183
rf_fold967,-3.6223707082490897,0.9637762929175091,-0.5933491006721491,175,47.14814814814815
rf_fold513,-3.6891185758562317,0.9631088142414377,-0.6333240635938608,14,46.459561041250986
rf_fold511,-3.7135808769570566,0.9628641912304294,-0.6356218629522844,22,46.460648148148145
rf_fold508,-3.7910874644726755,0.9620891253552732,-0.6516494351489309,10,46.46296296296296
rf_fold1280,-3.819146105258908,0.9618085389474109,-0.6431298256913204,73,46.64893867369511
rf_fold505,-3.876365501765411,0.9612363449823459,-0.6643378712882047,16,46.47222222222222
rf_fold785,-3.8958631389099607,0.9610413686109004,-0.6602375132145917,57,46.781960457470944
rf_fold482,-3.9176717668772065,0.9608232823312279,-0.6737564679667182,10,46.62789054773231
rf_fold170,-3.99588113758379,0.9600411886241621,-0.6841275982741832,18,46.70138888888889
rf_fold503,-4.129405277097642,0.9587059472290236,-0.708470432523044,10,46.464038519410174
rf_fold1149,-4.157740114780117,0.9584225988521988,-0.6920792612486512,105,46.96296296296296
rf_fold113,-4.173374438545352,0.9582662556145465,-0.7135032188763449,26,46.66295884315906
rf_fold891,-4.218377295402719,0.9578162270459728,-0.7027483029435099,113,47.01851851851852
rf_fold1389,-4.25757398287293,0.9574242601712707,-0.8675119759795635,27,47.42324561403509
rf_fold447,-4.270495843866151,0.9572950415613385,-0.7180154254015003,75,46.85249924756326
rf_fold190,-4.3117193665059395,0.9568828063349406,-0.7367816657981195,26,46.58533197518289
rf_fold1413,-4.343637450191318,0.9565636254980868,-0.7139605426774108,157,47.14583333333333
rf_fold474,-4.368086302816576,0.9563191369718342,-0.7481851426494883,20,46.49537037037037
rf_fold710,-4.389341647332612,0.9561065835266739,-0.7359054503105507,91,46.967592592592595
rf_fold945,-4.403170436559877,0.9559682956344012,-0.8835417466638067,58,47.839180257342875
rf_fold489,-4.4453879190665235,0.9555461208093348,-0.760990713090788,20,46.5162037037037
rf_fold765,-4.534129232971984,0.9546587076702802,-0.7457973216985334,150,46.914351851851855
rf_fold965,-4.55762748759061,0.9544237251240939,-0.746169661158328,180,47.04398148148148
rf_fold21,-4.569111276186,0.95430888723814,-0.7836024196342858,12,46.49768518518518
rf_fold475,-4.6062420021493296,0.9539375799785067,-0.7892408177517464,18,46.479166666666664
rf_fold465,-4.632705876389476,0.9536729412361052,-0.7905798841451479,30,46.473913446390505
rf_fold332,-4.676444453160733,0.9532355554683927,-0.8001953759675793,24,46.59027777777778
rf_fold732,-4.695803225008799,0.953041967749912,-0.782767026214603,116,46.791666666666664
rf_fold1031,-4.960331506897209,0.9503966849310279,-0.8175896689152096,147,47.077072673812886
rf_fold130,-4.963145873276298,0.950368541267237,-0.8459709431179395,36,46.62731481481481
rf_fold477,-4.968589102048238,0.9503141089795176,-0.8541170786504105,10,46.6401861470844
rf_fold499,-4.999289644203886,0.9500071035579611,-0.8538686086187441,24,46.46024872050207
rf_fold131,-5.046989778114897,0.949530102218851,-0.8631627451791941,24,46.66049311262878
rf_fold861,-5.261151431306921,0.9473884856869308,-0.8728043140293968,129,47.12037037037037
rf_fold341,-5.2839385813220785,0.9471606141867792,-0.9032293156240034,24,46.6655856941002
rf_fold492,-5.3922167413365525,0.9460778325866345,-0.9210749276365393,26,46.4837962962963
rf_fold488,-5.406239629599085,0.9459376037040091,-0.924966669463312,18,46.4837962962963
rf_fold892,-5.429822681001994,0.94570177318998,-1.110116878799551,20,47.73412713955583
rf_fold963,-5.469568202431696,0.945304317975683,-0.8918020562764202,181,47.16666666666667
rf_fold1096,-5.484972485387685,0.9451502751461232,-0.9004717543287653,151,47.22222222222222
rf_fold1259,-5.494140248616297,0.945058597513837,-0.9248154831715358,71,46.75925925925926
rf_fold1352,-5.573239328311219,0.9442676067168878,-0.9256658227089444,117,47.067129629629626
rf_fold976,-5.592001904048304,0.944079980959517,-0.9114786240034392,175,47.011574074074076
rf_fold185,-5.639552527673408,0.9436044747232659,-0.9650067455254586,22,46.486111111111114
rf_fold579,-5.657151081964839,0.9434284891803516,-0.9274937379660928,166,46.9375
rf_fold618,-5.715006487620955,0.9428499351237905,-0.9623150946661215,71,46.88888888888889
rf_fold164,-5.7174439618699395,0.9428255603813006,-0.979887310397673,16,46.48148148148148
rf_fold323,-5.753781358700816,0.9424621864129918,-0.9699980189226481,65,46.78319249913184
rf_fold259,-5.755447743567799,0.942445522564322,-0.9810971789399475,34,46.745370370370374
rf_fold473,-5.774924447902108,0.9422507555209789,-0.9884112709405474,26,46.48115566256135
rf_fold189,-5.789637978374717,0.9421036202162528,-0.9869728353391538,28,46.56018518518519
rf_fold593,-5.821679818814019,0.9417832018118598,-0.9524397794373175,176,47.020833333333336
rf_fold202,-5.82449642889239,0.9417550357110761,-0.9942273200723326,26,46.70601851851852
rf_fold137,-5.8414019914860615,0.9415859800851394,-0.9919932972481242,44,46.80747359870024
rf_fold349,-5.878850841229144,0.9412114915877086,-1.0032843711631263,30,46.65046296296296
rf_fold826,-5.882373303740218,0.9411762669625978,-0.967056074233068,149,47.039351851851855
rf_fold1172,-5.977800825153401,0.940221991748466,-0.9825541156115627,163,47.13888888888889
rf_fold328,-6.025552264136779,0.9397444773586322,-1.0248052728822843,40,46.50051053559825
rf_fold611,-6.080617109599129,0.9391938289040087,-1.0073593479911775,126,46.826388888888886
rf_fold1177,-6.139216230301125,0.9386078376969887,-1.0241390756417716,103,46.95076637250348
rf_fold485,-6.1609892117077125,0.9383901078829229,-1.0519560296402113,30,46.4375
rf_fold949,-6.180635894016628,0.9381936410598337,-1.0037269707616514,189,47.2037037037037
rf_fold792,-6.215001180765423,0.9378499881923458,-1.0457581004598566,83,46.93981481481482
rf_fold181,-6.257714298634931,0.9374228570136507,-1.0711914753734721,24,46.53703703703704
rf_fold586,-6.295110534499749,0.9370488946550025,-1.0312350962996646,162,46.94061812709804
rf_fold345,-6.328931742037891,0.9367106825796211,-1.0636236353661304,79,46.86574074074074
rf_fold938,-6.344086150987039,0.9365591384901296,-1.0510723029106501,133,46.576388888888886
rf_fold470,-6.361991096499143,0.9363800890350086,-1.0844835731588562,36,46.59953703703704
rf_fold166,-6.384255608622624,0.9361574439137738,-1.0912096236606428,26,46.52546296296297
rf_fold628,-6.449154337452512,0.9355084566254749,-1.0641711169749437,148,46.90046296296296
rf_fold1241,-6.454179629316636,0.9354582037068336,-1.097632347659121,41,46.67824074074074
rf_fold480,-6.483667379572955,0.9351633262042705,-1.1075693326474136,30,46.4537037037037
rf_fold133,-6.54222739085527,0.9345777260914473,-1.119920219337801,20,46.66373198646958
rf_fold364,-6.606597046877649,0.9339340295312235,-1.132173398791742,18,46.52472081923914
rf_fold188,-6.621077248351936,0.9337892275164806,-1.1331302970869617,18,46.504629629629626
rf_fold277,-6.659721503488369,0.9334027849651163,-1.1349117950902923,32,46.58333333333333
rf_fold417,-6.71238401245795,0.9328761598754205,-1.1476825716041565,24,46.63425925925926
rf_fold1198,-6.76136741694765,0.9323863258305235,-1.1112974691622253,153,46.99263786637033
rf_fold495,-6.798709881357867,0.9320129011864213,-1.161277799011527,30,46.432870370370374
rf_fold409,-6.877434225136181,0.9312256577486382,-1.1732224998818752,28,46.62019776300859
rf_fold1336,-6.878720213006995,0.93121279786993,-1.1582896816423183,73,46.856190387998886
rf_fold405,-6.937871603948587,0.9306212839605141,-1.1781502599888845,44,46.5625
rf_fold1160,-7.12158788597963,0.9287841211402037,-1.1944385553888948,101,47.08140055099013
rf_fold158,-7.125148801103631,0.9287485119889637,-1.2132981659907343,38,46.61342592592593
rf_fold414,-7.191493801766857,0.9280850619823314,-1.236342570404212,13,46.705741119977404
rf_fold948,-7.208501709894488,0.9279149829010551,-1.2117970185673335,81,46.875
rf_fold493,-7.223611842535127,0.9277638815746487,-1.2286757563690411,44,46.469907407407405
rf_fold322,-7.244751669857119,0.9275524833014288,-1.2336031370799807,34,46.666666666666664
rf_fold459,-7.2454140505523785,0.9275458594944762,-1.2368707361929991,28,46.55787037037037
rf_fold438,-7.245865064489998,0.9275413493551,-1.2298900558572095,44,46.50693510228696
rf_fold178,-7.254770214393003,0.92745229785607,-1.2331490025036935,42,46.59259259259259
rf_fold147,-7.263832004976556,0.9273616799502344,-1.2412839617840457,26,46.72076040338472
rf_fold478,-7.271091146950703,0.927289088530493,-1.2417475181530768,32,46.414351851851855
rf_fold1009,-7.285945041400921,0.9271405495859908,-1.2110951469519067,136,46.74074074074074
rf_fold1023,-7.3044057668698255,0.9269559423313017,-1.2118296324402609,121,47.0625
rf_fold426,-7.323442024778604,0.926765579752214,-1.2501152734118834,26,46.574074074074076
rf_fold141,-7.38479532898636,0.9261520467101364,-1.257183468436546,38,46.5625
rf_fold959,-7.407666079169351,0.9259233392083065,-1.242632047605965,78,46.577280846227005
rf_fold1246,-7.42074822341624,0.9257925177658376,-1.2260025045516842,132,46.89351851851852
rf_fold984,-7.438197594584938,0.9256180240541506,-1.2145447961616052,180,47.06481481481482
rf_fold555,-7.49087395037773,0.9250912604962227,-1.2652725243935723,63,46.78460324093421
rf_fold518,-7.530813769257838,0.9246918623074216,-1.2712130326132784,67,46.79230430856852
rf_fold639,-7.556887598781059,0.9244311240121894,-1.2731389647268407,67,46.708333333333336
rf_fold797,-7.660773220348737,0.9233922677965126,-1.2592859647568773,171,47.04398148148148
rf_fold464,-7.881134597725737,0.9211886540227426,-1.3399330807552852,40,46.729166666666664
rf_fold160,-7.89393698746641,0.9210606301253359,-1.3487569016935705,24,46.53935185185185
rf_fold290,-7.945042611287811,0.9205495738871219,-1.3591360126637204,20,46.56171751831587
rf_fold57,-7.95034916657551,0.9204965083342449,-1.3649851577490053,9,46.47222222222222
rf_fold186,-7.993084344895629,0.9200691565510437,-1.3677782291852956,20,46.47222222222222
rf_fold1428,-8.012113409919053,0.9198788659008095,-1.3094536285011904,180,46.996041025166114
rf_fold242,-8.023326761369297,0.919766732386307,-1.3757562785977098,15,46.61924214678124
rf_fold512,-8.035812200376057,0.9196418779962394,-1.5518613189050494,11,47.291817523533666
rf_fold1426,-8.061982598677664,0.9193801740132234,-1.353038293132289,74,46.452225464313834
rf_fold486,-8.063655172038587,0.9193634482796141,-1.3710034151656065,38,46.4375
rf_fold192,-8.063697158711737,0.9193630284128826,-1.3771346922271597,26,46.51851851851852
rf_fold1423,-8.104716221862063,0.9189528377813794,-1.3316169302199343,162,46.87268518518518
rf_fold316,-8.112473488950044,0.9188752651104996,-1.3853625358493413,27,46.57988001204512
rf_fold431,-8.112656916615968,0.9188734308338403,-1.381434799445631,38,46.69675925925926
rf_fold455,-8.134099370557124,0.9186590062944288,-1.396208261627582,10,46.442486085343226
rf_fold136,-8.13942806382938,0.9186057193617062,-1.3866130617428714,36,46.585648148148145
rf_fold128,-8.185872082183321,0.9181412791781668,-1.3855668710584161,58,46.5787037037037
rf_fold285,-8.288266655813302,0.917117333441867,-1.3981835532286293,65,46.696208992622154
rf_fold359,-8.362105149577514,0.9163789485042249,-1.4260568578160646,30,46.63278566787339
rf_fold1324,-8.400009274241626,0.9159999072575837,-1.3719661238207925,175,47.00231481481482
rf_fold53,-8.412166495514995,0.9158783350448501,-1.4437543827007608,9,46.48539731801654
rf_fold435,-8.478538874662878,0.9152146112533712,-1.4491603332722103,26,46.71190101659897
rf_fold1403,-8.520035524148872,0.9147996447585113,-1.3926784698572305,161,47.11574074074074
rf_fold4,-8.619722544858755,0.9138027745514125,-1.4672459280722365,38,46.59259259259259
rf_fold371,-8.686432127168597,0.913135678728314,-1.4912051669552944,13,46.66697973655169
rf_fold841,-8.700474067031372,0.9129952593296863,-1.4233737752406632,174,46.960648148148145
rf_fold722,-8.776342649676927,0.9122365735032307,-1.4457843590491357,149,47.18518518518518
rf_fold379,-8.818626558732912,0.9118137344126709,-1.5055599457713824,26,46.472808093904106
rf_fold999,-8.865381386663584,0.9113461861333642,-1.4519861734197916,167,47.08101851851852
rf_fold107,-8.89613661006219,0.9110386338993781,-1.5244747398970022,15,46.613294743721404
rf_fold656,-8.929132048687926,0.9107086795131207,-1.464641680531887,175,47.19675925925926
rf_fold221,-8.936993912828584,0.9106300608717142,-1.5283778578299647,22,46.3587962962963
rf_fold1190,-8.948571012640205,0.910514289873598,-1.5011261654751782,81,46.8287037037037
rf_fold460,-8.975274525804778,0.9102472547419522,-1.5308152772054038,36,46.519111893130834
rf_fold412,-8.995416709214531,0.9100458329078547,-1.531199150754671,42,46.67129629629629
rf_fold444,-9.010187058896147,0.9098981294110385,-1.5334328050841441,38,46.59027777777778
rf_fold56,-9.074545525360822,0.9092545447463918,-1.554938980641464,15,46.396626036983825
rf_fold420,-9.290670101909715,0.9070932989809029,-1.5757534308156034,52,46.66203703703704
rf_fold315,-9.293075323343558,0.9070692467665644,-1.5904613622346495,22,46.72127300037552
rf_fold63,-9.303179824746344,0.9069682017525366,-1.595985180868301,13,46.47042475334661
rf_fold458,-9.325678059005782,0.9067432194099422,-1.5825362573370025,48,46.54861111111111
rf_fold391,-9.335709504660361,0.9066429049533964,-1.5981472185198196,21,46.53154104206254
rf_fold923,-9.368849317273586,0.9063115068272641,-1.5506695919690274,135,47.01919292477948
rf_fold321,-9.3729451735854,0.906270548264146,-1.5929739169005708,46,46.620370370370374
rf_fold667,-9.384578782184738,0.9061542121781526,-1.5366191827836067,167,47.18055555555555
rf_fold154,-9.388680179619957,0.9061131982038004,-1.6107366808750943,38,46.838016408916
rf_fold864,-9.45738071829021,0.9054261928170979,-1.5503466760181868,163,47.19101123595505
rf_fold195,-9.488723060233518,0.9051127693976648,-1.6143784610479601,40,46.61342592592593
rf_fold778,-9.525568208873347,0.9047443179112665,-1.60121124490001,79,46.754629629629626
rf_fold83,-9.591040968244236,0.9040895903175576,-1.646706324446195,9,46.4375
rf_fold682,-9.66622653799769,0.9033377346200231,-1.6639399096594385,7,46.53768300145931
rf_fold370,-9.691886809246919,0.9030811319075308,-1.656819237681982,26,46.30188504039373
rf_fold383,-9.706277415361154,0.9029372258463885,-1.650405231184137,39,46.681800282597116
rf_fold0,-9.737975289587041,0.9026202471041296,-1.6593134177721198,36,46.61805555555556
rf_fold1042,-9.768867401105318,0.9023113259889468,-1.584069126588034,204,47.11342592592593
rf_fold1243,-9.821225077659578,0.9017877492234042,-1.6214301190744165,140,46.833333333333336
rf_fold390,-9.864218415794944,0.9013578158420505,-1.6816795735335819,36,46.43981481481482
rf_fold406,-9.868818409430503,0.901311815905695,-1.6700467547705717,56,46.666666666666664
rf_fold69,-9.881783116523014,0.9011821688347699,-1.6948330307509352,11,46.455854437705455
rf_fold231,-9.906864377889823,0.9009313562211018,-1.6932292496647363,26,46.48148148148148
rf_fold1217,-10.061878671822665,0.8993812132817733,-1.6941549201460266,64,46.53299527808146
rf_fold1417,-10.072622581542312,0.8992737741845769,-1.6831372536263896,87,46.60790908036646
rf_fold428,-10.078811238030116,0.8992118876196988,-1.7061045051674197,54,46.673611111111114
rf_fold1054,-10.123378345292021,0.8987662165470798,-1.656771119530992,168,46.93981481481482
rf_fold1357,-10.131872651294549,0.8986812734870545,-1.6747519783909057,133,46.98583202148347
rf_fold421,-10.148298766740172,0.8985170123325983,-1.7319282745476385,30,46.68734141528052
rf_fold456,-10.176858747661765,0.8982314125233823,-1.7303936572960992,42,46.59722222222222
rf_fold283,-10.201825352337512,0.8979817464766249,-1.7448520134952203,20,46.49090233939844
rf_fold350,-10.237226893363705,0.897627731066363,-1.7374076899341018,44,46.60185185185185
rf_fold1332,-10.260758356400313,0.8973924164359969,-1.7648455287226288,3,46.326833109453894
rf_fold206,-10.322614806641194,0.896773851933588,-1.7500210841144679,48,46.71527777777777
rf_fold278,-10.340649036622763,0.8965935096337724,-1.762285009722737,32,46.51708359463916
rf_fold135,-10.366172479152125,0.8963382752084788,-1.763781694189456,36,46.63888888888889
rf_fold75,-10.409259910594649,0.8959074008940535,-1.786354751273918,11,46.445695226183034
rf_fold49,-10.456421195182896,0.895435788048171,-1.792096641807786,15,46.38657407407407
rf_fold215,-10.498784573000663,0.8950121542699934,-1.7787729494909643,52,46.75925925925926
rf_fold36,-10.518978763217323,0.8948102123678268,-1.8002453720974854,25,46.58169720256783
rf_fold1124,-10.570919749527919,0.8942908025047208,-1.7085692287270025,213,47.18055555555555
rf_fold10,-10.61773085143285,0.8938226914856715,-1.8058119360306828,40,46.668364511946656
rf_fold462,-10.646141666795605,0.893538583332044,-1.8191933187082412,44,46.87724680055601
rf_fold392,-10.648115795904346,0.8935188420409566,-1.8170392289920454,30,46.43791530642958
rf_fold146,-10.674397947619019,0.8932560205238098,-1.8085135168933104,52,46.67083535978138
rf_fold868,-10.710485228285883,0.8928951477171412,-1.840314736806599,9,46.358153560658785
rf_fold1425,-10.758674684607527,0.8924132531539247,-1.8507561128190522,5,46.49720434149321
rf_fold342,-10.788026343882251,0.8921197365611775,-1.8229951806594915,64,46.59722222222222
rf_fold776,-10.815618959703244,0.8918438104029676,-2.1665863849439897,57,47.26064869089488
rf_fold120,-10.820698703989006,0.8917930129601099,-1.8484959596347121,26,46.47388405260233
rf_fold78,-10.824417076300396,0.891755829236996,-1.8563538054195081,19,46.39814814814815
rf_fold300,-10.847570051295552,0.8915242994870445,-1.8643790063969043,5,46.32547147954219
rf_fold302,-10.884138654024934,0.8911586134597507,-1.843744273373041,50,46.66959924061769
rf_fold52,-10.909294474627707,0.8909070552537229,-1.87159482693337,11,46.33067876655246
rf_fold6,-10.932632623317229,0.8906736737668277,-1.8594353295512067,36,46.59283115920202
rf_fold856,-10.96944947486137,0.8903055052513863,-1.803452122192988,151,46.78644193369143
rf_fold1199,-10.996382737071098,0.890036172629289,-1.7947958069491954,185,47.013888888888886
rf_fold362,-10.997118235601022,0.8900288176439898,-1.871672798313145,38,46.61574074074074
rf_fold799,-11.018322500778055,0.8898167749922195,-1.892309781144699,9,46.31430291244154
rf_fold994,-11.038148274049298,0.889618517259507,-1.8930642655651626,13,46.39845764326032
rf_fold27,-11.052811538959528,0.8894718846104047,-1.8837932665163837,32,46.37110776710268
rf_fold93,-11.172921639552369,0.8882707836044763,-1.9156108834806411,13,46.39351851851852
rf_fold91,-11.26278125158896,0.8873721874841104,-1.9332672959419617,11,46.34869182681176
rf_fold481,-11.28089624686146,0.8871910375313854,-1.938211971508765,9,46.499085494536416
rf_fold398,-11.299234494673183,0.8870076550532682,-1.9216867483032627,40,46.59953703703704
rf_fold504,-11.316757627414265,0.8868324237258574,-1.8928055721614403,96,46.63100861350375
rf_fold85,-11.33013302677356,0.8866986697322644,-1.9426459619222134,15,46.39583333333333
rf_fold79,-11.348273721735314,0.8865172627826469,-1.9462331743855257,15,46.38657407407407
rf_fold261,-11.395343561743498,0.886046564382565,-1.9334941471408165,46,46.66959924061769
rf_fold415,-11.458834322816003,0.88541165677184,-1.967934688642819,9,46.33564814814815
rf_fold286,-11.474552425802443,0.8852544757419756,-1.956740370852739,29,46.53451589745965
rf_fold304,-11.47959327761081,0.8852040672238919,-1.952449329437097,38,46.56541569235756
rf_fold375,-11.493964338027762,0.8850603566197224,-1.949519929340999,48,46.72284860972843
rf_fold262,-11.52531418259164,0.8847468581740836,-1.9543935605599831,50,46.706489777963
rf_fold647,-11.52606376958597,0.8847393623041403,-1.9716156645011282,23,46.471010632137315
rf_fold227,-11.52763774058634,0.8847236225941366,-1.9669811752057935,32,46.375
rf_fold399,-11.528159526305991,0.8847184047369401,-1.9692061125556453,26,46.55991472203555
rf_fold127,-11.580040042352602,0.884199599576474,-1.966772319981868,42,46.59722222222222
rf_fold70,-11.584382351206635,0.8841561764879337,-1.986297587685731,15,46.44212962962963
rf_fold357,-11.601097756902911,0.8839890224309709,-1.9606280967979781,58,46.63657407407407
rf_fold58,-11.601995151311007,0.8839800484868899,-1.9851496356046403,17,46.423611111111114
rf_fold87,-11.65564637311145,0.8834435362688855,-1.9958690236333199,19,46.415006947660956
rf_fold35,-11.666513664505562,0.8833348633549444,-1.9831468093705116,44,46.437170108343366
rf_fold301,-11.669413653019344,0.8833058634698066,-1.9803776961791801,48,46.633780309872854
rf_fold427,-11.711467687786303,0.882885323122137,-1.9891789013150085,42,46.576388888888886
rf_fold718,-11.71627093987916,0.8828372906012084,-1.978618585327891,62,46.986107567780685
rf_fold846,-11.74974647125956,0.8825025352874044,-1.9135697600032773,189,47.11342592592593
rf_fold1040,-11.780704632161921,0.8821929536783808,-1.9868659188601543,81,46.960529425667694
rf_fold31,-11.784666153257305,0.8821533384674269,-2.0410809042869182,20,46.67531386897041
rf_fold145,-11.788673729259447,0.8821132627074055,-1.9928871533555637,60,46.72886378368367
rf_fold311,-11.811162084879555,0.8818883791512044,-2.0060789019371916,44,46.57036368266315
rf_fold807,-11.836071832952044,0.8816392816704796,-2.027852622351505,19,46.373891089338244
rf_fold41,-11.869871388112774,0.8813012861188723,-2.0199631320870757,43,46.664479696323546
rf_fold605,-11.870050219040284,0.8812994978095972,-1.9282550688233608,204,47.013888888888886
rf_fold201,-11.921686593750835,0.8807831340624916,-2.0370637513697845,26,46.507689809552524
rf_fold174,-12.022245646193696,0.879777543538063,-2.064444632308764,15,46.354468529036744
rf_fold226,-12.04603411341103,0.8795396588658897,-2.053451963528506,36,46.40244467080285
rf_fold1202,-12.08626835371317,0.8791373164628683,-1.9654385420352003,198,46.97222222222222
rf_fold1026,-12.092351192799999,0.879076488072,-1.9697739717451048,189,47.219907407407405
rf_fold380,-12.094684342185458,0.8790531565781454,-2.06431215332141,33,46.438746438746435
rf_fold110,-12.150909570405254,0.8784909042959475,-2.0797805592188414,19,46.405092592592595
rf_fold101,-12.178922674920468,0.8782107732507953,-2.0847987746752255,19,46.37731481481481
rf_fold288,-12.189754115521822,0.8781024588447818,-2.0913367975284234,11,46.32802370809409
rf_fold567,-12.213654787148032,0.8778634521285197,-2.0801551454565477,81,46.82061087414816
rf_fold463,-12.252523951447781,0.8774747604855222,-2.0658131078592663,66,46.7662037037037
rf_fold461,-12.273611008505858,0.8772638899149414,-2.171328342603519,29,46.523894925625065
rf_fold388,-12.282593460554692,0.8771740653944531,-2.107194288945822,13,46.33886612496238
rf_fold29,-12.319646520862849,0.8768035347913715,-2.103685685742776,32,46.47975366378812
rf_fold640,-12.354210443637692,0.8764578955636231,-1.990993377307534,227,47.16666666666667
rf_fold16,-12.354949454815022,0.8764505054518498,-2.1035956891814465,38,46.405092592592595
rf_fold643,-12.388439739323342,0.8761156026067666,-2.1239943422408945,13,46.32103920204129
rf_fold1092,-12.451802983364658,0.8754819701663534,-2.079566690110768,111,46.78472222222222
rf_fold157,-12.479171288239622,0.8752082871176038,-2.1089568408359116,60,46.58101851851852
rf_fold363,-12.481995125248869,0.8751800487475113,-2.121374149754643,48,46.62962962962963
rf_fold944,-12.482778809988526,0.8751722119001147,-2.140115091621216,13,46.336266790180645
rf_fold413,-12.524949046685595,0.874750509533144,-2.116851857652351,74,46.673611111111114
rf_fold319,-12.528140089034368,0.8747185991096563,-2.113294248629229,70,46.67037397469762
rf_fold749,-12.541628478012123,0.8745837152198788,-2.1473838436412613,29,46.375
rf_fold1266,-12.566704278452201,0.874332957215478,-2.1547855663378925,13,46.42311078163369
rf_fold32,-12.576816547210123,0.8742318345278988,-2.13295504185239,46,46.432870370370374
rf_fold197,-12.60036856611415,0.8739963143388585,-2.1618915129386687,11,46.31481481481482
rf_fold46,-12.667570644283666,0.8733242935571633,-2.162863821643518,29,46.44444444444444
rf_fold39,-12.680528287250104,0.873194717127499,-2.1607710292911735,32,46.43518518518518
rf_fold42,-12.68975682041038,0.8731024317958962,-2.1582729852503504,42,46.425925925925924
rf_fold124,-12.71908034182474,0.8728091965817526,-2.164361719878229,40,46.36111111111111
rf_fold82,-12.782619992451515,0.8721738000754848,-2.1922833468466925,13,46.320957917409736
rf_fold115,-12.786294010569199,0.872137059894308,-2.1797631111328437,34,46.44604716959254
rf_fold821,-12.832122488609986,0.8716787751139001,-2.0947580485227664,177,47.02546296296296
rf_fold446,-12.837998764057035,0.8716200123594297,-2.1987468655368256,38,46.759014740481106
rf_fold271,-12.84164192098396,0.8715835807901604,-2.1722235877263834,54,46.55668476495429
rf_fold33,-12.853142438855137,0.8714685756114486,-2.1901243971113464,36,46.43055555555556
rf_fold1307,-12.862288756350216,0.8713771124364978,-2.0935470259409548,191,46.99305555555556
rf_fold68,-12.867771991886823,0.8713222800811318,-2.2011529713652123,21,46.449074074074076
rf_fold329,-12.881820076638606,0.8711817992336139,-2.1807574593616694,56,46.61111111111111
rf_fold735,-12.91343359015511,0.8708656640984489,-2.161348325273566,87,46.64814814814815
rf_fold381,-12.958642356096316,0.8704135764390368,-2.194810316994229,52,46.58856759197092
rf_fold90,-12.965030745850559,0.8703496925414944,-2.2198856490459784,19,46.34953703703704
rf_fold731,-12.994647318468722,0.8700535268153128,-2.2294473136751782,17,46.368624545643975
rf_fold741,-13.007126652600064,0.8699287334739993,-2.227253266390326,19,46.35185185185185
rf_fold1133,-13.019711451842575,0.8698028854815743,-2.103258190953614,230,47.139980092131765
rf_fold649,-13.059700817312969,0.8694029918268703,-2.214532462475244,57,46.761943070771125
rf_fold100,-13.10055963843062,0.8689944036156938,-2.239579369519251,23,46.39814814814815
rf_fold1277,-13.152253591408613,0.8684774640859139,-2.244510682497744,33,46.55561298811146
rf_fold103,-13.158372997775725,0.8684162700222428,-2.250310311006685,23,46.41269106067624
rf_fold25,-13.194065706341206,0.8680593429365879,-2.2412291915767173,40,46.34490740740741
rf_fold95,-13.200140460572761,0.8679985953942724,-2.2576466503091477,23,46.370370370370374
rf_fold92,-13.220796268832435,0.8677920373116756,-2.2611379897178727,25,46.3912037037037
rf_fold251,-13.292848753368801,0.867071512466312,-2.252506399366053,52,46.61882162287302
rf_fold169,-13.294353263005076,0.8670564673699492,-2.2794639690659597,19,46.35479388605836
rf_fold395,-13.370754287962328,0.8662924571203767,-2.280228729770345,33,46.70061482142019
rf_fold60,-13.380913178695074,0.8661908682130492,-2.280473344530813,35,46.50925925925926
rf_fold1109,-13.385970675539461,0.8661402932446054,-2.1853162088843265,163,47.19212962962963
rf_fold1131,-13.410482944599355,0.8658951705540064,-2.1604953408904097,229,47.2037037037037
rf_fold66,-13.424476093452874,0.8657552390654712,-2.2923961909173376,25,46.43981481481482
rf_fold1086,-13.435043532575575,0.8656495646742443,-2.2226908523491677,133,46.894316471813866
rf_fold820,-13.504287505956448,0.8649571249404355,-2.1785283405134144,229,47.24768518518518
rf_fold148,-13.535956631080627,0.8646404336891937,-2.2935104102948576,48,46.476525604222616
rf_fold175,-13.541669463563233,0.8645833053643677,-2.284697920655332,68,46.576388888888886
rf_fold61,-13.625732435246618,0.8637426756475338,-2.324719971272106,29,46.458333333333336
rf_fold1427,-13.649664302035802,0.863503356979642,-2.381193603960284,23,46.47662485746864
rf_fold305,-13.651327618526544,0.8634867238147346,-2.3117922577297874,52,46.541666666666664
rf_fold858,-13.659957063113627,0.8634004293688637,-2.2829672493102575,117,47.67345193700862
rf_fold309,-13.669558980101149,0.8633044101989885,-2.326711347369044,38,46.39583333333333
rf_fold258,-13.672841232476685,0.8632715876752332,-2.319107190042649,48,46.49537037037037
rf_fold97,-13.73130432157932,0.8626869567842068,-2.348268656068523,23,46.35416666666667
rf_fold353,-13.779766223463552,0.8622023377653645,-2.3015325228023533,95,46.763888888888886
rf_fold64,-13.856905668995733,0.8614309433100427,-2.3619142843241194,35,46.48148148148148
rf_fold1062,-13.876322399513963,0.8612367760048604,-2.3099931531211673,105,46.754629629629626
rf_fold156,-13.882353225548716,0.8611764677445128,-2.334371794535561,72,46.64351851851852
rf_fold282,-13.94764904682635,0.8605235095317365,-2.3870183910647715,19,46.31988512668489
rf_fold125,-13.97702402718355,0.8602297597281645,-2.3683003193125005,52,46.38657407407407
rf_fold795,-13.988930203999239,0.8601106979600076,-2.3251972603593174,119,46.72266177869556
rf_fold631,-13.995694387888125,0.8600430561211188,-2.3348566374723836,107,46.789351851851855
rf_fold1212,-14.03294750237719,0.8596705249762281,-2.3223436070001706,138,46.45875298094511
rf_fold72,-14.240613832208137,0.8575938616779186,-2.4336286399447706,25,46.34700023164234
rf_fold1108,-14.284626814757894,0.857153731852421,-2.3440397040303775,163,47.06481481481482
rf_fold88,-14.333348721996742,0.8566665127800326,-2.4513568318320993,23,46.324074074074076
rf_fold194,-14.351649749109985,0.8564835025089002,-2.4197940098596566,74,46.6087962962963
rf_fold71,-14.386014424734562,0.8561398557526544,-2.4557311203102863,29,46.4537037037037
rf_fold84,-14.454359967833053,0.8554564003216695,-2.4681329904373936,29,46.460648148148145
rf_fold594,-14.516512312492068,0.8548348768750793,-2.345144396345602,210,46.99768518518518
rf_fold104,-14.551057617134255,0.8544894238286574,-2.482630255431562,29,46.4375
rf_fold14,-14.55222953562827,0.8544777046437173,-2.468694023124735,48,46.40335239506401
rf_fold7,-14.610321611678934,0.8538967838832107,-2.4773683784620006,48,46.53472222222222
rf_fold273,-14.619590159042396,0.853804098409576,-2.498890681324935,23,46.325301204819276
rf_fold214,-14.692412923937725,0.8530758707606227,-2.4744549491286914,74,46.72453703703704
rf_fold121,-14.703051266920964,0.8529694873307904,-2.5000979239250825,39,46.46296296296296
rf_fold1111,-14.797835726746445,0.8520216427325356,-2.406901513770317,187,47.19514736184104
rf_fold996,-14.871849193012975,0.8512815080698702,-2.458125061135138,139,46.682870370370374
rf_fold276,-15.022270877774059,0.8497772912222594,-2.5342365501364172,64,46.59259259259259
rf_fold443,-15.07835330525873,0.8492164669474127,-2.543556111266561,64,46.55555555555556
rf_fold19,-15.091850146322994,0.8490814985367701,-2.5559254176924644,56,46.425925925925924
rf_fold230,-15.220613904354119,0.8477938609564588,-2.542508646509257,105,46.55767315841882
rf_fold432,-15.459573347144072,0.8454042665285593,-2.6000637737184626,76,46.72856084460085
rf_fold331,-15.5568820300806,0.844431179699194,-2.6639045235448373,26,46.533406222518
rf_fold270,-15.559735184751167,0.8444026481524883,-2.6288408381344106,59,46.53935185185185
rf_fold233,-15.634195176488797,0.843658048235112,-2.6413457110186207,62,46.405092592592595
rf_fold212,-15.646317306909808,0.8435368269309019,-2.6347457527079894,74,46.70601851851852
rf_fold318,-15.698049370588475,0.8430195062941153,-2.6362930283591344,86,46.66898148148148
rf_fold622,-15.783367960225014,0.8421663203977499,-2.6446910719558523,91,46.66146682738897
rf_fold450,-15.864968787193156,0.8413503121280684,-2.6634080122251547,82,46.60185185185185
rf_fold1304,-15.90229056623681,0.8409770943376319,-2.5791065909689097,209,46.99074074074074
rf_fold254,-15.95831581784386,0.8404168418215614,-2.7273520232032094,25,46.422714707398214
rf_fold737,-15.974558724421062,0.8402544127557894,-2.678825286633268,100,46.71801899721185
rf_fold279,-15.979863305115227,0.8402013669488477,-2.703892638028151,58,46.52777777777778
rf_fold244,-16.10880140650044,0.8389119859349956,-2.724202164984129,58,46.488425925925924
rf_fold173,-16.132358531592583,0.8386764146840742,-2.7564718901685445,33,46.326388888888886
rf_fold228,-16.15952505038142,0.8384047494961858,-2.7323021008083455,60,46.39351851851852
rf_fold106,-16.204976446571784,0.8379502355342822,-2.7651591253522287,31,46.414840891194594
rf_fold1329,-16.21352433808232,0.8378647566191768,-2.701319561498346,103,46.70601851851852
rf_fold38,-16.21906152538102,0.8378093847461898,-2.699354702458217,116,46.90615052164417
rf_fold249,-16.23531726158758,0.8376468273841242,-2.7328657381069035,70,46.61342592592593
rf_fold974,-16.26326717860206,0.8373673282139794,-2.7800061533209375,21,46.32931912922649
rf_fold117,-16.375589506033695,0.8362441049396631,-2.789483114367828,35,46.39879573876795
rf_fold86,-16.39893765805651,0.8360106234194349,-2.7965405086728956,33,46.34490740740741
rf_fold81,-16.510486816240732,0.8348951318375927,-2.809394166025879,39,46.45601851851852
rf_fold769,-16.643968973224045,0.8335603102677596,-2.710297592180007,188,46.8587962962963
rf_fold811,-16.75746237266629,0.8324253762733371,-2.857758404856933,29,46.31944444444444
rf_fold494,-16.866537027885407,0.8313346297211459,-2.83598531793869,74,46.40046296296296
rf_fold651,-16.875386863217322,0.8312461313678268,-2.7237367821813048,221,47.02777777777778
rf_fold222,-16.8961821632153,0.831038178367847,-2.8572325977115844,62,46.40972222222222
rf_fold335,-16.904666501839326,0.8309533349816067,-2.845558915870573,74,46.61805555555556
rf_fold445,-16.979556748926683,0.8302044325107332,-2.855469375517484,78,46.64583333333333
rf_fold312,-17.024276764605872,0.8297572323539413,-2.8685071668729867,70,46.59722222222222
rf_fold384,-17.07540070968472,0.8292459929031528,-2.8861668798054128,61,46.59038265542481
rf_fold884,-17.084761316191454,0.8291523868380855,-2.9005770220995952,43,46.38241697160591
rf_fold448,-17.17843214290434,0.8282156785709566,-2.89218351102317,72,46.620370370370374
rf_fold243,-17.26308683427358,0.8273691316572642,-2.866118810177584,121,46.58333333333333
rf_fold123,-17.342977747876553,0.8265702225212345,-2.931512849205254,64,46.4537037037037
rf_fold1125,-17.351823040348112,0.8264817695965189,-2.8021287380845203,216,47.020833333333336
rf_fold964,-17.354034453004818,0.8264596554699518,-2.913534286858433,83,46.56761462565293
rf_fold1393,-17.523187387659988,0.8247681261234001,-2.9052621225785673,126,46.54632916121801
rf_fold838,-17.619372328620265,0.8238062767137974,-2.8707934499004515,193,46.8125
rf_fold171,-17.626474380882595,0.823735256191174,-2.9217492890433765,129,46.87037037037037
rf_fold404,-17.693456194493894,0.823065438055061,-2.9835917397385683,68,46.58333333333333
rf_fold132,-17.813184596044696,0.821868154039553,-2.983340364250451,90,46.71296296296296
rf_fold666,-17.94636421147766,0.8205363578852234,-3.0586250254969696,35,46.28319610344428
rf_fold933,-18.03928883544639,0.8196071116455361,-3.076383476560488,33,46.29049838818155
rf_fold267,-18.102572898358982,0.8189742710164102,-3.0404336197064765,80,46.61111111111111
rf_fold376,-18.299546245504427,0.8170045375449557,-3.1131122269040152,43,46.31215853319752
rf_fold1077,-18.43125667994063,0.8156874332005937,-3.0325717040271307,141,46.830398517145504
rf_fold55,-18.433557348802854,0.8156644265119715,-3.1172648840989687,65,46.49074074074074
rf_fold1290,-18.495378339218107,0.815046216607819,-2.96705369651496,254,47.2185568442253
rf_fold1022,-18.503459802819933,0.8149654019718007,-3.126356934917885,102,47.12339507987846
rf_fold59,-18.685770547968527,0.8131422945203147,-3.1701448191604444,47,46.45601851851852
rf_fold250,-18.759794413346476,0.8124020558665352,-3.093999451422057,141,46.942933209862254
rf_fold701,-18.81794419181069,0.8118205580818931,-3.203148453781692,61,46.35898148791733
rf_fold245,-19.1134425421561,0.808865574578439,-3.2109593700917056,78,46.45412238660832
rf_fold225,-19.14671374237149,0.8085328625762851,-3.230258803209392,72,46.43518518518518
rf_fold987,-19.283548252082294,0.8071645174791771,-3.08788238513528,243,47.05787037037037
rf_fold1191,-19.334535231391204,0.806654647686088,-3.158220519562055,193,47.44637264828463
rf_fold1270,-19.484219160215368,0.8051578083978463,-3.240182018223921,129,46.94092827004219
rf_fold248,-20.142096766012262,0.7985790323398774,-3.4155724970682346,51,46.330721802419916
rf_fold401,-20.290004335069955,0.7970999566493004,-3.447588342762773,39,46.30787037037037
rf_fold853,-20.336036670694146,0.7966396332930585,-3.6160376845824334,47,46.442425064424256
rf_fold374,-20.399944550277493,0.7960005544972251,-3.42423049686155,88,46.57175925925926
rf_fold220,-20.40467322640247,0.7959532677359753,-3.4079578202121708,98,46.47884063339198
rf_fold599,-20.443094121273255,0.7955690587872675,-3.4600421576264457,57,46.44444444444444
rf_fold257,-20.445456719846955,0.7955454328015304,-3.4655186929951767,51,46.30628544970482
rf_fold105,-20.627633794804325,0.7937236620519568,-3.495338995968995,49,46.3587962962963
rf_fold1269,-20.69510525811036,0.7930489474188964,-3.4185522708132963,141,46.761574074074076
rf_fold1070,-20.74857270153926,0.7925142729846074,-3.4614694717003056,108,46.505706150605334
rf_fold747,-20.807958010852513,0.7919204198914749,-3.4226153330376836,163,46.84953703703704
rf_fold466,-20.998897124235338,0.7900110287576466,-3.50843804093766,96,46.55986665431984
rf_fold80,-21.225730217813364,0.7877426978218663,-3.593692969399566,55,46.33333333333333
rf_fold559,-21.229611485022826,0.7877038851497717,-3.571915594238869,81,46.39581210043547
rf_fold320,-21.264509760236194,0.7873549023976381,-3.553738133516462,98,46.64583333333333
rf_fold758,-21.354917086444026,0.7864508291355597,-4.1403484860182616,111,47.57739670848199
rf_fold134,-21.388716824855592,0.7861128317514441,-3.573384126582325,104,46.59490740740741
rf_fold119,-21.690920670908287,0.7830907932909171,-3.677341646123217,47,46.324074074074076
rf_fold172,-21.69950077158378,0.7830049922841622,-3.6455250632828,94,46.6087962962963
rf_fold1011,-21.743827073363974,0.7825617292663603,-3.640498892811101,99,46.47985178323298
rf_fold1333,-21.823976325382745,0.7817602367461726,-3.531723573716728,197,47.03703703703704
rf_fold665,-21.909779712032893,0.780902202879671,-3.7541869287840153,41,46.38729022585481
rf_fold751,-22.074605032582195,0.779253949674178,-3.6300050535608976,149,46.726851851851855
rf_fold252,-22.10373483294209,0.7789626516705791,-3.6987271787873035,92,46.61342592592593
rf_fold114,-22.194134171803693,0.7780586582819631,-3.7161917242783145,92,46.39583333333333
rf_fold1078,-22.20554000753604,0.7779445999246396,-3.642362913591891,159,46.87962962962963
rf_fold213,-22.362867623599293,0.7763713237640071,-3.7372307389842323,94,46.69212962962963
rf_fold1370,-22.599104915357803,0.774008950846422,-3.7729447308398254,105,46.54669374226828
rf_fold343,-22.613496149069,0.77386503850931,-3.8223261584084063,59,46.40309431165463
rf_fold34,-22.706006069460837,0.7729399393053916,-3.801663626815725,96,46.44212962962963
rf_fold1110,-22.89322609836747,0.7710677390163253,-3.7877056492241183,131,46.7758396734088
rf_fold613,-22.943747904756005,0.7705625209524399,-3.8753575436864596,59,46.15972753179955
rf_fold1067,-23.25097375557077,0.7674902624442923,-3.798393157816788,190,46.72222222222222
rf_fold451,-23.43298712457491,0.7656701287542509,-3.9141120675941505,96,46.54004916284031
rf_fold1286,-23.626932492119856,0.7637306750788014,-3.7713063639163074,261,47.07175925925926
rf_fold1256,-23.881683440737934,0.7611831655926207,-3.8804684632776825,194,46.71400724032303
rf_fold490,-23.903032429593928,0.7609696757040607,-4.0284177082539205,71,46.40046296296296
rf_fold77,-23.98786119214472,0.7601213880785528,-4.050378148712414,67,46.43981481481482
rf_fold590,-24.04477932259661,0.7595522067740339,-3.8328318562179757,272,47.085648148148145
rf_fold358,-24.106791223308587,0.7589320877669141,-4.026542513152543,96,46.53903139179554
rf_fold1381,-24.113312908856365,0.7588668709114363,-3.928321464014891,181,46.68981481481482
rf_fold1034,-24.273652746725016,0.7572634725327498,-4.020774341381813,129,46.603629284572065
rf_fold1402,-24.42568713128158,0.7557431286871842,-3.946168006514449,221,47.02546296296296
rf_fold12,-24.460460188174217,0.7553953981182578,-4.095375019766003,92,46.55523659598111
rf_fold116,-24.488314221215767,0.7551168577878423,-4.092554184270048,98,46.425925925925924
rf_fold423,-24.609816609655656,0.7539018339034435,-4.1237543377518175,91,46.50396696515566
rf_fold730,-24.649709585619174,0.7535029041438083,-3.981168428380041,207,46.98148148148148
rf_fold717,-24.826317761882866,0.7517368223811713,-4.198556022694321,59,46.254629629629626
rf_fold452,-24.894140130326136,0.7510585986967386,-4.153896440055756,100,46.55324074074074
rf_fold1156,-25.08637251593727,0.7491362748406273,-4.026736064947594,241,47.173611111111114
rf_fold664,-25.103406861376996,0.74896593138623,-4.253271593644286,86,46.5460687359248
rf_fold1207,-25.210903302156563,0.7478909669784344,-4.237773320139667,87,46.43981481481482
rf_fold1339,-25.46093270753813,0.7453906729246187,-4.107772007411606,213,47.04398148148148
rf_fold879,-25.58043401479161,0.7441956598520839,-4.168318024593125,192,47.48594111809461
rf_fold843,-25.723044041817,0.74276955958183,-4.104216647244599,276,47.023148148148145
rf_fold683,-25.88915388837113,0.7411084611162887,-4.202465870836767,203,46.81689618398479
rf_fold539,-25.91571923640594,0.7408428076359406,-4.275795680138218,151,46.780092592592595
rf_fold573,-25.959688051423168,0.7404031194857683,-4.22434591760386,195,47.16315349614635
rf_fold1315,-26.099424582003362,0.7390057541799664,-4.136345904364773,288,47.15277777777778
rf_fold1162,-26.11870853155689,0.7388129146844311,-4.144619901728735,283,47.125
rf_fold163,-26.128467493107376,0.7387153250689262,-4.368691225083666,97,46.42873685673259
rf_fold241,-26.160107394236874,0.7383989260576312,-4.362222963146695,104,46.476851851851855
rf_fold1185,-26.28733361713602,0.7371266638286398,-4.504987351233005,19,46.08732236350037
rf_fold1222,-26.35181601419645,0.7364818398580355,-4.357697433709855,138,46.43055555555556
rf_fold975,-26.361510583623506,0.736384894163765,-4.201630131299891,266,46.958333333333336
rf_fold469,-26.549746048016132,0.7345025395198387,-4.409703900540453,122,46.59490740740741
rf_fold1260,-26.897866847513853,0.7310213315248615,-4.323199282092082,232,46.89583333333333
rf_fold284,-27.234203111376054,0.7276579688862395,-4.529092213704495,114,46.57946521588146
rf_fold419,-27.307241965807172,0.7269275803419283,-4.515021688629103,134,46.682870370370374
rf_fold528,-27.442887398654726,0.7255711260134527,-4.509612780963192,156,46.20601851851852
rf_fold1012,-27.498574847658997,0.72501425152341,-4.805465850879132,28,46.407717694846404
rf_fold224,-28.049892101874896,0.719501078981251,-4.669660987037508,116,46.38657407407407
rf_fold51,-28.072405037156688,0.7192759496284331,-4.685216512372249,96,46.46296296296296
rf_fold578,-28.18203791961398,0.7181796208038602,-4.604378709928686,185,46.84953703703704
rf_fold596,-28.189842722021318,0.7181015727797868,-4.471557324084305,279,47.16898148148148
rf_fold1046,-28.406822808054923,0.7159317719194508,-4.56384479872045,232,46.962822352886704
rf_fold453,-28.81614448830855,0.7118385551169145,-4.7640843816936735,130,46.620370370370374
rf_fold1130,-29.0385383434132,0.709614616565868,-4.603961920245286,298,47.21244674939803
rf_fold397,-29.54913269414402,0.7045086730585598,-4.893979040684994,130,46.65740740740741
rf_fold1408,-29.558212692534326,0.7044178730746568,-4.761240132269285,235,46.79599962959533
rf_fold969,-29.632406700299242,0.7036759329970076,-4.741868201158899,261,47.01824242985462
rf_fold237,-29.66638339310308,0.7033361660689692,-4.847242947384029,181,46.8287037037037
rf_fold989,-29.699611483391664,0.7030038851660834,-4.725295721410007,279,47.20138888888889
rf_fold247,-29.752907389718718,0.7024709261028128,-4.937387097438537,126,46.60385220853783
rf_fold1281,-30.090266420903532,0.6990973357909647,-4.91273416046812,170,46.50349650349651
rf_fold1016,-30.17640789994609,0.6982359210005391,-4.826089603076564,269,47.076388888888886
rf_fold789,-30.500021659310317,0.6949997834068968,-4.999083852991872,177,47.10134853329626
rf_fold1119,-30.564743983843012,0.6943525601615699,-4.867840179810651,269,47.09259259259259
rf_fold900,-30.62027099341953,0.6937972900658047,-5.086616543119139,130,46.77953453663542
rf_fold2,-30.713357362714888,0.6928664263728511,-5.106280169206291,113,46.523148148148145
rf_fold1294,-30.73480909026165,0.6926519090973835,-4.972868341148853,217,47.04751635059425
rf_fold1300,-30.85883225544148,0.6914116774455852,-5.027792750439418,183,46.96987267203191
rf_fold537,-31.15797076445942,0.6884202923554058,-5.038214358976445,226,46.64320770441708
rf_fold1200,-31.20914913176137,0.6879085086823863,-4.96922042493766,271,46.986111111111114
rf_fold813,-31.239722357319533,0.6876027764268047,-5.284024269593538,61,46.151350850363784
rf_fold15,-31.25326232016001,0.6874673767983999,-5.168644640804798,128,46.460648148148145
rf_fold1312,-31.27046480546514,0.6872953519453486,-5.208046546416937,110,46.37519725239023
rf_fold562,-31.4582904716876,0.685417095283124,-5.142791156029484,169,46.782407407407405
rf_fold200,-31.678304176004335,0.6832169582399567,-5.2085070660730395,144,46.55324074074074
rf_fold1310,-31.720901889031893,0.6827909811096811,-5.305897153007299,99,46.37962962962963
rf_fold411,-32.29702144288703,0.6770297855711297,-5.388577265375646,101,46.317129629629626
rf_fold1021,-32.30612087671222,0.6769387912328778,-5.131086656026736,277,47.09953703703704
rf_fold881,-32.37996437886381,0.6762003562113619,-5.4777138207234755,59,46.011574074074076
rf_fold904,-33.34033903910942,0.6665966096089058,-5.341708298413779,258,46.80624145046487
rf_fold354,-33.431081345807456,0.6656891865419254,-5.561700850820579,113,46.39351851851852
rf_fold184,-33.43844855005723,0.6656155144994277,-5.518303179086589,148,46.4375
rf_fold782,-33.741558235508684,0.6625844176449132,-5.372686524101604,265,46.82175925925926
rf_fold1145,-33.87956839769406,0.6612043160230594,-5.669502185762461,114,46.21858700806069
rf_fold313,-34.65359958821927,0.6534640041178073,-5.674628311618838,167,46.56481481481482
rf_fold382,-34.74227149933945,0.6525772850066055,-5.705130041218696,162,46.71296296296296
rf_fold1047,-34.823033981101936,0.6517696601889806,-5.769977022711449,126,46.41347270615563
rf_fold995,-34.955260891786445,0.6504473910821356,-5.5576284416708726,283,46.90277777777778
rf_fold347,-35.0112680554484,0.649887319445516,-5.80391969064429,129,46.294580824455764
rf_fold1195,-35.250324483148844,0.6474967551685116,-5.867763978106934,107,46.075204005934715
rf_fold112,-35.27154496300926,0.6472845503699074,-5.843172314539556,129,46.41525168523709
rf_fold746,-35.38853565587583,0.6461146434412417,-5.728643188824056,215,46.782407407407405
rf_fold830,-35.51426072507451,0.6448573927492549,-5.901196865295459,119,46.326048708213726
rf_fold1251,-36.27990212527137,0.6372009787472863,-5.961404004007539,161,46.488425925925924
rf_fold177,-36.31748858818047,0.6368251141181953,-5.942891935511244,172,46.56481481481482
rf_fold828,-36.472466244948954,0.6352753375505105,-6.171379639533273,59,46.25153815792529
rf_fold887,-36.67368715775321,0.6332631284224679,-5.763998708327297,311,47.25231481481482
rf_fold1137,-36.91417502477259,0.6308582497522741,-5.836201864487293,300,46.921011204741184
rf_fold895,-37.21742252933815,0.6278257747066185,-5.846511412004113,342,47.15509259259259
rf_fold1347,-37.55795253470937,0.6244204746529063,-5.921920068930143,315,47.11574074074074
rf_fold589,-37.74783951867733,0.6225216048132267,-6.118685609331862,209,46.707723652528244
rf_fold1353,-37.911909832160106,0.6208809016783989,-5.985691771115665,287,47.15046296296296
rf_fold991,-37.989997614082014,0.6201000238591798,-5.99212316876234,311,47.13425925925926
rf_fold255,-38.07820414805959,0.6192179585194041,-6.2977897478873555,133,46.34259259259259
rf_fold1317,-38.09802192259567,0.6190197807740433,-6.0018165289269065,309,46.986111111111114
rf_fold1166,-38.12205162716222,0.6187794837283778,-6.195881678716765,205,46.47893857858601
rf_fold840,-38.4027556965872,0.615972443034128,-6.478346994857708,67,46.076388888888886
rf_fold269,-38.471167040988654,0.6152883295901135,-6.332927317103018,152,46.441470642711614
rf_fold369,-38.60295668799084,0.6139704331200916,-6.309119752424706,176,46.60416666666667
rf_fold219,-38.797325998506196,0.6120267400149381,-6.38389412438834,144,46.46153132680981
rf_fold1004,-38.89795044705839,0.6110204955294161,-6.385316911058925,158,46.36574074074074
rf_fold449,-39.476655551672835,0.6052334444832717,-6.454420143177764,174,46.585648148148145
rf_fold143,-39.5230858641153,0.604769141358847,-6.509232002317365,143,46.3587962962963
rf_fold440,-39.70251430596168,0.6029748569403832,-6.5045051943260965,159,46.50537634408602
rf_fold915,-40.42370123084646,0.5957629876915354,-6.294570922521267,354,47.20601851851852
rf_fold1171,-40.4465533530742,0.595534466469258,-6.506803479961155,236,46.88500255137542
rf_fold297,-40.765734465859026,0.5923426553414097,-6.562059384175472,221,46.791369571256595
rf_fold1183,-40.8104653031637,0.591895346968363,-6.477912911716229,289,47.31225113436429
rf_fold1358,-40.828893292087734,0.5917110670791227,-6.787763548120158,113,46.10648148148148
rf_fold1278,-40.97626614269756,0.5902373385730244,-6.494837824273794,269,46.71590303984442
rf_fold1313,-41.003915254315196,0.5899608474568481,-6.929156828559254,62,45.90277777777778
rf_fold1274,-41.39318451402936,0.5860681548597064,-6.648428964477681,239,46.85156032966015
rf_fold239,-41.644029212495106,0.583559707875049,-6.792361079955329,184,46.54398148148148
rf_fold918,-41.9926185748384,0.580073814251616,-6.887776446657792,159,46.339655851223974
rf_fold525,-42.244365426586185,0.5775563457341382,-6.84945639286445,206,46.49273080840818
rf_fold210,-42.426839997102874,0.5757316000289713,-6.904916588048716,190,46.65972222222222
rf_fold888,-43.065963882227685,0.5693403611777231,-6.886905223507729,247,46.567129629629626
rf_fold1032,-43.677415421663135,0.5632258457833687,-7.1152760250829665,196,46.33433804776258
rf_fold479,-43.71082718961796,0.5628917281038204,-7.127189704681315,194,46.42129629629629
rf_fold510,-43.759937096306444,0.5624006290369356,-7.055931425182189,210,46.58333333333333
rf_fold515,-43.813804635599084,0.5618619536440091,-7.080781934904008,209,46.64583333333333
rf_fold937,-44.64131696922337,0.5535868303077663,-7.013782327122596,311,46.673611111111114
rf_fold1378,-45.00479145300132,0.5499520854699869,-7.132150500097068,289,46.750630889264464
rf_fold1115,-45.009953004095316,0.5499004699590468,-7.116937452463837,301,46.96527777777778
rf_fold591,-45.21565030517307,0.5478434969482693,-7.038244267987311,344,47.125984251968504
rf_fold338,-45.56780219509848,0.5443219780490152,-7.421882131426689,187,46.44766997708174
rf_fold9,-45.62801940435946,0.5437198059564053,-7.367855470298734,212,46.57175925925926
rf_fold981,-45.69398023310551,0.5430601976689449,-7.102775123673804,354,46.93518518518518
rf_fold1000,-45.87342577916108,0.5412657422083892,-7.69145347997679,91,46.011574074074076
rf_fold1058,-46.37735335766866,0.5362264664233134,-7.490319245683218,236,46.66371351300942
rf_fold857,-46.49927303960958,0.5350072696039042,-7.7450075188645275,121,46.4420730248361
rf_fold23,-47.00349888269899,0.5299650111730101,-7.57317855456642,210,46.66851941916209
rf_fold911,-47.01740145811488,0.5298259854188512,-7.692542544305793,180,46.217592592592595
rf_fold509,-47.208881225875345,0.5279111877412466,-7.6698879615134095,204,46.51851851851852
rf_fold1184,-47.50831911109144,0.5249168088890857,-7.420155795861965,337,47.08796296296296
rf_fold530,-47.69667540760207,0.5230332459239793,-7.581523059816299,283,46.73117881285304
rf_fold1308,-48.30675097105195,0.5169324902894805,-7.533630588017182,345,46.925925925925924
rf_fold980,-48.62584676991426,0.5137415323008574,-7.665260096151883,305,46.93518518518518
rf_fold330,-48.97241852865339,0.5102758147134661,-7.824128519585163,257,46.84259259259259
rf_fold575,-49.34498610454725,0.5065501389545275,-7.753702266397771,323,47.08864862361957
rf_fold272,-49.66744989787614,0.5033255010212386,-8.060522934985993,197,46.38888888888889
rf_fold547,-49.91907171299804,0.5008092828700196,-8.368516783603878,86,46.03903026931813
rf_fold1285,-50.426908978855735,0.49573091021144267,-7.8282763796926425,353,46.81018518518518
rf_fold1182,-50.75397502105249,0.4924602497894751,-8.44899552706792,115,46.06832657788072
rf_fold806,-51.076525193541656,0.48923474806458345,-8.008284893464323,329,47.05787037037037
rf_fold1380,-51.468126983651885,0.48531873016348115,-8.18100928287636,288,46.63617791809824
rf_fold232,-51.59450891689726,0.48405491083102736,-8.367995446384224,196,46.24768518518518
rf_fold617,-52.1996504562434,0.47800349543756604,-8.395986172172467,227,46.523148148148145
rf_fold260,-52.47289183380672,0.47527108166193277,-8.510669102791134,200,46.13921113689095
rf_fold394,-52.58994179270202,0.4741005820729798,-8.313044228079747,293,46.719907407407405
rf_fold551,-53.00618984406371,0.4699381015593629,-8.412996680836589,286,46.71527777777777
rf_fold834,-53.24162538465145,0.4675837461534855,-8.434497705092094,283,46.71296296296296
rf_fold1025,-53.65526487742206,0.4634473512257794,-8.470674029651166,301,46.789351851851855
rf_fold940,-54.071800901568324,0.45928199098431677,-8.550719625074798,295,46.80787037037037
rf_fold928,-54.19655314111962,0.4580344685888038,-8.463504254344663,327,46.94444444444444
rf_fold314,-54.27036056666127,0.4572963943333873,-8.718421455136534,238,46.58333333333333
rf_fold842,-54.475021591755755,0.45524978408244243,-8.396314213333136,412,47.11574074074074
rf_fold1029,-55.13716539276452,0.4486283460723548,-8.671242822854362,329,46.77624725083922
rf_fold1320,-55.15235487128047,0.44847645128719527,-8.729178822716545,305,46.54228163000093
rf_fold1209,-55.35404358323087,0.4464595641676913,-8.752931783960882,299,46.87731481481482
rf_fold943,-55.667528830408855,0.4433247116959115,-8.689591467606983,349,46.719907407407405
rf_fold1214,-56.17084994552754,0.43829150054472454,-9.032917205503011,241,46.099504331310506
rf_fold727,-56.98544822471886,0.4301455177528114,-9.184112746540169,247,46.41898148148148
rf_fold524,-57.82357423423723,0.4217642576576277,-8.989990938271053,385,46.530092592592595
rf_fold1419,-57.88496374508478,0.42115036254915217,-9.418891416444131,187,46.07170982535786
rf_fold598,-58.054321007423226,0.41945678992576774,-9.38468921242783,213,46.273148148148145
rf_fold1316,-58.45585849563605,0.4154414150436395,-9.118960079289645,339,46.817129629629626
rf_fold1170,-58.761354551476686,0.41238645448523314,-9.468019685722165,213,46.249413970932956
rf_fold268,-59.94051384702179,0.4005948615297821,-9.58766112244557,256,46.4647867759411
rf_fold287,-60.16200301408075,0.39837996985919244,-9.672201562679719,228,46.33214467651553
rf_fold971,-61.259107420779515,0.3874089257922049,-9.474542656430819,373,46.75694444444444
rf_fold218,-61.43152226862948,0.3856847773137052,-9.604048078563597,341,47.13888888888889
rf_fold294,-61.57680096352989,0.3842319903647011,-9.789413439057366,264,46.47313470842882
rf_fold1375,-61.74183929188497,0.3825816070811503,-9.990322092954646,215,46.04551887339628
rf_fold798,-61.854506395556456,0.3814549360444355,-9.64365812536115,335,46.97453703703704
rf_fold96,-61.943867114669104,0.38056132885330896,-9.95800516980756,235,46.24594719777675
rf_fold182,-62.48920783240656,0.37510792167593443,-9.842332689127744,297,46.449820581085774
rf_fold1173,-62.88515115675726,0.3711484884324274,-9.807858626079527,352,46.98207818738973
rf_fold1167,-63.14462703500918,0.3685537296499082,-9.721250608384615,401,46.9375
rf_fold917,-63.26841263279314,0.36731587367206864,-9.695543949925906,425,46.79861111111111
rf_fold325,-63.28345525544824,0.3671654474455176,-10.076278521935764,268,46.41029796494802
rf_fold836,-63.71838722661502,0.36281612773384975,-10.251883640012402,247,46.33333333333333
rf_fold1153,-64.09665244564377,0.35903347554356235,-10.46882405659819,179,46.0398332561371
rf_fold621,-64.29555335406259,0.35704446645937415,-9.933954214114403,377,46.656781428108054
rf_fold1203,-67.0851645828221,0.329148354171779,-10.247846240272851,438,47.0
rf_fold952,-67.91799252053106,0.32082007479468944,-10.423319901957719,415,46.88657407407407
rf_fold1394,-68.02128104430646,0.3197871895569354,-10.480952635409079,396,46.55555555555556
rf_fold1258,-68.06126918973895,0.3193873081026105,-10.506112233888063,390,46.78703703703704
rf_fold89,-68.92059449460562,0.31079405505394375,-10.657645453221326,351,46.75231481481482
rf_fold951,-69.00439074276687,0.30995609257233125,-11.205636641621094,192,46.186077736879874
rf_fold507,-69.04970753210392,0.3095029246789608,-10.99828453127153,261,46.217630981609304
rf_fold1068,-69.17065768229503,0.30829342317704966,-10.739466045096101,365,46.71527777777777
rf_fold738,-69.6239741293816,0.30376025870618406,-10.800298826045532,385,47.08429828624363
rf_fold908,-69.65599052156298,0.3034400947843702,-11.092827447377518,251,46.30324074074074
rf_fold673,-70.45175286508795,0.2954824713491204,-11.063668965964723,311,46.14260530710707
rf_fold1015,-70.95715352781313,0.2904284647218687,-10.816629644671146,443,47.13888888888889
rf_fold367,-71.51751422256308,0.28482485777436917,-11.072009384535935,393,46.93055555555555
rf_fold934,-71.75416244157167,0.2824583755842833,-11.11539468135122,383,46.63657407407407
rf_fold930,-71.99959073376365,0.2800040926623635,-10.89913179217628,471,46.94279165605538
rf_fold48,-72.09968487068535,0.27900315129314646,-11.413312566874058,287,46.32175925925926
rf_fold970,-72.21314892388361,0.2778685107611639,-11.082132426629538,411,46.69789444392913
rf_fold1006,-72.28286146822296,0.2771713853177704,-11.137543382195632,400,46.7337962962963
rf_fold373,-72.38045289910563,0.2761954710089437,-11.373055400648235,347,46.54804930034288
rf_fold246,-72.46485078965918,0.27535149210340815,-11.33491299896387,352,46.745370370370374
rf_fold183,-72.59562679541577,0.2740437320458423,-11.399042318395272,320,46.58333333333333
rf_fold310,-73.30828147340446,0.2669171852659553,-11.492230338413535,340,46.53763341282152
rf_fold454,-74.14399113803117,0.25856008861968827,-11.498891264991155,363,46.655092592592595
rf_fold396,-74.34765254065202,0.2565234745934798,-11.718333931921991,312,46.48131857956387
rf_fold694,-76.40216746442191,0.2359783253557809,-12.086945568795219,305,46.31481481481482
rf_fold280,-76.71154907404299,0.23288450925957005,-11.953838287385247,344,46.60185185185185
rf_fold44,-77.28060190238891,0.22719398097611088,-12.012092681981255,379,46.48255746660802
rf_fold152,-77.65417447724,0.2234582552276,-11.948332394473232,409,47.1087962962963
rf_fold386,-78.35153996513002,0.21648460034869987,-12.20516709118753,344,46.45213566384998
rf_fold742,-78.49124535608617,0.2150875464391383,-11.960512662609704,444,46.791666666666664
rf_fold1097,-78.79245666383676,0.21207543336163237,-12.03201059349043,443,46.987672629530074
rf_fold517,-78.888916370053,0.21111083629947003,-12.26903246221507,376,46.75880909385563
rf_fold429,-80.26004706478936,0.19739952935210636,-12.324371436648509,402,46.824074074074076
rf_fold1411,-80.53975500032917,0.1946024499967084,-12.269507981857037,441,46.76851851851852
rf_fold471,-81.39496633445498,0.18605033665545023,-12.691944247848053,350,46.389461255296
rf_fold1148,-81.6333055009212,0.18366694499078806,-12.281773235294787,493,46.90046296296296
rf_fold635,-81.82403296274366,0.18175967037256335,-12.466907511259798,442,46.98148148148148
rf_fold45,-82.87544893653316,0.17124551063466842,-12.879971151349567,347,46.39566646604009
rf_fold1383,-82.92562042257188,0.17074379577428112,-12.390199935869012,532,47.4537037037037
rf_fold773,-84.55521793499918,0.15444782065000828,-12.936717890752382,412,46.569126770997315
rf_fold50,-85.50761105576025,0.14492388944239754,-13.241546691628614,388,46.432705217834155
rf_fold1161,-85.89414957096295,0.14105850429037048,-13.343783062882254,379,46.43518518518518
rf_fold604,-86.04032371214579,0.13959676287854206,-12.909775742535727,508,46.84722222222222
rf_fold416,-87.25714617679476,0.12742853823205236,-13.43374660491239,396,46.59490740740741
rf_fold43,-88.43887401658925,0.11561125983410747,-13.577180550770922,410,46.576388888888886
rf_fold1323,-88.63406959117293,0.11365930408827063,-13.250463396654153,513,46.80324074074074
rf_fold102,-88.73472671972121,0.11265273280278798,-13.679266864554256,383,46.54861111111111
rf_fold577,-89.99108722757411,0.10008912772425893,-13.540957134698196,490,46.620370370370374
rf_fold786,-90.3297695883985,0.09670230411601488,-13.663370758011267,473,46.708333333333336
rf_fold1043,-90.62006712407484,0.09379932875925157,-14.249452770468688,325,46.47463357028735
rf_fold819,-90.98580192494065,0.09014198075059354,-14.520264322538257,279,45.89719842556148
rf_fold653,-91.2725420757339,0.08727457924266102,-13.634964681138182,537,47.18273994166397
rf_fold1181,-92.02073572155636,0.07979264278443643,-13.764865255561265,527,47.1412037037037
rf_fold714,-92.04112635483652,0.07958873645163478,-13.892538990952714,465,46.916666666666664
rf_fold340,-92.05607773914004,0.0794392226085997,-14.0722421879739,439,46.53703703703704
rf_fold265,-92.28397463773209,0.07716025362267909,-14.019796182978153,452,46.615427354384664
rf_fold561,-93.39628291959008,0.06603717080409921,-14.070419407214786,487,46.76851851851852
rf_fold298,-93.44352026121709,0.06556479738782905,-14.411518995573292,392,46.42096490415779
rf_fold835,-93.98136237844696,0.06018637621553036,-13.982794856786805,553,47.067129629629626
rf_fold1328,-94.33577537416656,0.05664224625833436,-14.08708961260224,525,47.039351851851855
rf_fold500,-94.58158145576068,0.05418418544239312,-14.52942351164565,405,46.39335154405296
rf_fold1265,-95.3137731249639,0.046862268750361036,-14.309042439900072,487,46.84482319431258
rf_fold199,-95.38716824880564,0.04612831751194357,-14.665902555810495,418,46.38194444444444
rf_fold1359,-95.39871544999163,0.04601284550008378,-14.494949200765596,442,46.626506024096386
rf_fold1420,-95.60930362990241,0.04390696370097591,-14.828823685070777,377,46.24074074074074
rf_fold372,-95.67340267652082,0.043265973234791755,-14.421281584770288,490,46.71497360866747
rf_fold757,-95.68273398769954,0.04317266012300458,-14.89272710851105,356,46.217592592592595
rf_fold941,-95.86697729151003,0.04133022708489975,-14.58828564428331,454,46.45569034169831
rf_fold1253,-95.91336423934433,0.04086635760655666,-14.799122036419647,394,46.254863813229576
rf_fold1179,-96.1020159920551,0.03897984007944899,-14.262773367299465,555,47.175925925925924
rf_fold1362,-97.47147463670672,0.02528525363293277,-14.45773721676933,563,47.01851851851852
rf_fold1271,-97.52093254692468,0.02479067453075312,-14.464808427939937,564,46.84722222222222
rf_fold1302,-97.74051073772146,0.022594892622785356,-14.631459386015479,507,46.532407407407405
rf_fold607,-97.85451267746606,0.021454873225339455,-14.76945869753032,470,46.62268518518518
rf_fold196,-99.4544125211222,0.00545587478877807,-15.198505072564963,427,46.166666666666664
rf_fold734,-100.63481268369281,-0.006348126836928092,-14.881518973581246,558,46.770833333333336
rf_fold522,-101.16343340968919,-0.011634334096891852,-15.17059456009341,507,46.675925925925924
rf_fold168,-102.28610985252855,-0.022861098525285506,-15.53746110629522,454,46.48793813955642
rf_fold548,-103.02788012868164,-0.03027880128681648,-15.563625933206378,501,46.58406669754516
rf_fold913,-103.39771827703163,-0.03397718277031636,-15.165495832548451,601,46.800925925925924
rf_fold584,-103.97179737982482,-0.03971797379824826,-15.189524198870469,634,47.039351851851855
rf_fold1101,-105.62784430846493,-0.05627844308464924,-15.735423609595891,525,46.7962962962963
rf_fold560,-106.0967542919971,-0.060967542919970974,-15.83740506184155,535,46.44874525419021
rf_fold619,-106.42146456115236,-0.06421464561152357,-15.94419298773722,505,46.60648148148148
rf_fold921,-107.08767474025562,-0.07087674740255623,-15.772167759290005,603,46.94675925925926
rf_fold600,-107.78859462645207,-0.07788594626452072,-16.15870301982497,505,46.384926351005994
rf_fold334,-107.78966996882203,-0.07789669968822022,-16.312641941240717,457,46.282407407407405
rf_fold430,-107.90355488669188,-0.07903554886691877,-16.505388437009312,430,46.23113251226966
rf_fold1399,-107.96721649529637,-0.0796721649529637,-15.792085977011661,589,46.817129629629626
rf_fold641,-108.60262265900519,-0.08602622659005199,-16.72372919509491,400,46.25
rf_fold1272,-109.36225848054644,-0.09362258480546437,-16.32009053341668,545,46.460648148148145
rf_fold763,-109.69685308171786,-0.0969685308171786,-16.413450064594347,507,46.65740740740741
rf_fold1163,-110.5780784175764,-0.10578078417576409,-16.12303181005508,656,47.10185185185185
rf_fold1368,-112.48306165518053,-0.12483061655180538,-16.448732220876277,627,47.1712962962963
rf_fold873,-112.56409797869318,-0.12564097978693178,-16.917681511608563,505,46.67129629629629
rf_fold368,-114.89878931985862,-0.14898789319858619,-17.12389155110828,531,47.00203722566904
rf_fold8,-114.90526962439395,-0.14905269624393958,-17.26359829340848,500,46.38888888888889
rf_fold633,-115.40911714156263,-0.15409117141562634,-17.16490624034062,565,46.68518518518518
rf_fold1201,-115.63795681566293,-0.15637956815662934,-17.43387648800261,514,46.59449183976261
rf_fold552,-116.3694518481143,-0.16369451848114291,-17.35388923209724,536,46.45528869537022
rf_fold1072,-116.51457181640072,-0.16514571816400725,-17.64802424981203,491,46.33333333333333
rf_fold521,-116.89211067799481,-0.1689211067799481,-17.398687695904904,530,46.51851851851852
rf_fold1187,-118.12750553072489,-0.18127505530724886,-17.346850352315688,583,46.916666666666664
rf_fold47,-118.91806111689948,-0.18918061116899487,-17.615026266663843,559,46.39351851851852
rf_fold111,-120.18632317833102,-0.20186323178331023,-17.73195770900236,579,46.74107246444068
rf_fold822,-122.57817336873256,-0.22578173368732557,-17.684216448957347,705,46.97222222222222
rf_fold784,-123.32791527323441,-0.23327915273234412,-17.78358773854554,681,46.85648148148148
rf_fold817,-125.28998177480739,-0.2528998177480739,-18.10291515126257,665,46.91203703703704
rf_fold1081,-126.24136657885434,-0.2624136657885434,-18.19744254442878,661,47.083333333333336
rf_fold437,-126.3481311221947,-0.26348131122194696,-18.701293499494614,570,46.489014423633456
rf_fold240,-126.4145857272343,-0.26414585727234297,-18.459227011154084,615,46.505706150605334
rf_fold886,-126.72534470655901,-0.26725344706559007,-18.728182443845096,565,46.314644196490576
rf_fold740,-126.77840031404084,-0.2677840031404084,-18.36874876561829,657,46.60153717936846
rf_fold165,-126.93978503521741,-0.2693978503521741,-18.646222082052937,600,46.523148148148145
rf_fold179,-126.96000328190458,-0.26960003281904577,-18.937890867864137,533,46.12783696155628
rf_fold781,-128.66001372275306,-0.28660013722753064,-19.32424746056361,508,46.21922693902128
rf_fold153,-129.13534312434751,-0.2913534312434751,-18.98547582247647,586,46.64351851851852
rf_fold17,-129.59422600307167,-0.29594226003071666,-19.04814850068836,614,46.835648148148145
rf_fold389,-130.20573378232555,-0.3020573378232556,-18.96619373720021,653,46.65046296296296
rf_fold1262,-130.5603691768767,-0.3056036917687668,-19.07740529047274,626,47.09123318748987
rf_fold761,-131.2259483287768,-0.3122594832877681,-19.0762727901371,634,46.35845911658487
rf_fold208,-131.72860108199473,-0.31728601081994734,-19.07920263406268,672,46.75694444444444
rf_fold779,-132.87876770759746,-0.32878767707597456,-18.862469239800628,768,47.18981481481481
rf_fold122,-132.95939387484074,-0.3295939387484075,-19.790585130085578,546,46.182870370370374
rf_fold159,-133.13043242714292,-0.3313043242714291,-19.564679209476623,621,46.791666666666664
rf_fold1002,-133.19980969717557,-0.33199809697175553,-19.254122938517167,672,46.85270958777212
rf_fold556,-133.21688980629395,-0.33216889806293937,-19.190146788394372,671,46.84584577632706
rf_fold860,-133.5171435100482,-0.33517143510048175,-19.559186183619314,621,46.48125811838931
rf_fold1391,-133.51882391222446,-0.3351882391222447,-19.357360497901624,625,46.393017548733624
rf_fold1371,-133.54755569046338,-0.3354755569046337,-19.14273770679913,709,46.78998911860718
rf_fold1349,-136.53090864684998,-0.3653090864684998,-19.777968745631345,641,46.59490740740741
rf_fold893,-137.438482987124,-0.3743848298712398,-20.16119935844399,639,46.49537037037037
rf_fold410,-137.78254997570144,-0.3778254997570145,-20.301270454750775,588,46.36308917492361
rf_fold74,-138.08743938765465,-0.3808743938765464,-20.36786095980993,583,46.3912037037037
rf_fold919,-139.75148126864494,-0.3975148126864494,-20.023446695568705,707,46.370370370370374
rf_fold669,-140.19364401473672,-0.40193644014736707,-20.00207593114431,765,47.3125
rf_fold812,-141.66608374818023,-0.41666083748180216,-20.385127697087515,712,46.351971093713814
rf_fold1168,-142.36328857552584,-0.4236328857552585,-21.184746412936427,560,46.1087962962963
rf_fold1404,-143.64357152330288,-0.4364357152330287,-20.444558728066234,722,46.89628016862
rf_fold5,-144.0547094181073,-0.4405470941810732,-20.886428689798784,644,46.5162037037037
rf_fold1122,-145.44074345976742,-0.4544074345976741,-20.86311242050423,695,46.65972222222222
rf_fold387,-145.67231537834857,-0.4567231537834857,-21.187256004377627,646,46.32141864987499
rf_fold296,-145.74993288514526,-0.4574993288514526,-21.05695590572825,672,46.65972222222222
rf_fold67,-145.79534836291572,-0.4579534836291572,-21.120408618485172,684,46.282407407407405
rf_fold1141,-146.82226163850012,-0.4682226163850012,-20.85239185163902,765,46.88657407407407
rf_fold1045,-147.49000337330983,-0.4749000337330982,-20.82612497557016,787,46.91898148148148
rf_fold3,-148.1958326316019,-0.48195832631601876,-21.54288712059523,636,46.31481481481482
rf_fold1069,-148.32812948037096,-0.4832812948037095,-20.979807865936415,797,46.958333333333336
rf_fold333,-149.8298315906963,-0.49829831590696294,-21.53619502745881,678,46.497360866746924
rf_fold1345,-150.33655298308503,-0.5033655298308501,-21.29920385049641,755,47.17199546222768
rf_fold400,-150.59385023586543,-0.5059385023586542,-21.784364952227534,654,46.31018518518519
rf_fold223,-150.8459119587962,-0.508459119587962,-21.615046282860884,706,46.42129629629629
rf_fold774,-152.8808252684663,-0.5288082526846631,-21.82343429465347,705,46.504629629629626
rf_fold707,-154.08981414363004,-0.5408981414363003,-21.96057614084784,764,46.703093165401
rf_fold1120,-155.3877210670989,-0.553877210670989,-21.783083609319895,809,46.61403468154562
rf_fold211,-156.05853547611108,-0.5605853547611108,-22.42151831321541,697,46.679018063918484
rf_fold1146,-157.91894067111647,-0.5791894067111647,-22.154312100666445,836,46.967592592592595
rf_fold484,-158.69168465419597,-0.5869168465419596,-22.50285531658849,769,46.579781939396746
rf_fold750,-159.2102724685328,-0.5921027246853279,-22.59102604911534,749,46.79861111111111
rf_fold378,-160.12714426974281,-0.6012714426974282,-22.83568198567099,754,46.458333333333336
rf_fold997,-160.15087588754216,-0.6015087588754215,-22.284024898391657,855,46.59490740740741
rf_fold1292,-163.3395798005684,-0.6333957980056839,-23.624303335132907,672,46.13317892298784
rf_fold1401,-164.304504183117,-0.64304504183117,-22.930885903376588,843,46.69413834614316
rf_fold24,-164.87268068967623,-0.6487268068967622,-23.58943733030822,712,46.31910362070562
rf_fold839,-166.6852351399155,-0.6668523513991551,-23.444597363166174,815,46.504629629629626
rf_fold193,-167.0676799703267,-0.670676799703267,-23.525037166792693,800,46.77777777777778
rf_fold1400,-167.5088118591035,-0.6750881185910349,-23.332679106171966,843,46.93981481481482
rf_fold1134,-168.6288628703543,-0.686288628703543,-23.361738318514984,866,46.780092592592595
rf_fold1066,-171.0868373287778,-0.7108683732877779,-23.741070987438025,879,46.68055555555555
rf_fold550,-171.4046178153501,-0.7140461781535008,-24.09144009510141,803,46.0099548558861
rf_fold30,-171.5376982801279,-0.715376982801279,-24.09930486148411,787,46.46296296296296
rf_fold424,-174.00530985051438,-0.7400530985051437,-24.734186145218302,749,46.1875
rf_fold234,-175.40238243283758,-0.7540238243283759,-24.688072437024548,774,46.14084637466432
rf_fold1282,-175.59818894574045,-0.7559818894574044,-24.085967619482446,907,46.90277777777778
rf_fold1322,-175.70102524520982,-0.7570102524520981,-24.178996982831915,914,46.736111111111114
rf_fold523,-175.7885040977981,-0.7578850409779809,-24.432662325102648,848,46.25925925925926
rf_fold149,-176.80827336208864,-0.7680827336208864,-24.731354986000866,830,46.56541569235756
rf_fold1342,-177.6156140707808,-0.7761561407078079,-24.547184407352564,908,46.699074074074076
rf_fold545,-178.14742505217902,-0.7814742505217902,-24.393014149982015,933,47.16203703703704
rf_fold1299,-182.15288817736558,-0.8215288817736557,-25.49392666494606,825,46.75694444444444
rf_fold161,-183.1236621802535,-0.8312366218025349,-25.715841294302887,794,46.09561291816183
rf_fold118,-183.419161770137,-0.8341916177013702,-25.434359914384032,871,46.17129629629629
rf_fold565,-185.6349077333609,-0.8563490773336091,-25.936543433528552,849,46.17824074074074
rf_fold1019,-186.04286784776596,-0.8604286784776596,-25.875967523280718,865,46.24537037037037
rf_fold936,-186.58204451365498,-0.8658204451365497,-26.428333343416785,787,46.414351851851855
rf_fold291,-187.37748971906439,-0.8737748971906438,-25.716312984465475,913,46.37731481481481
rf_fold385,-187.78350614654812,-0.8778350614654813,-26.10763886699934,850,46.139599490681796
rf_fold344,-188.07010808647243,-0.8807010808647244,-26.296818878940794,829,46.17826278353142
rf_fold483,-188.39281982116322,-0.883928198211632,-26.113858133044534,859,46.363425925925924
rf_fold726,-190.46383540052622,-0.9046383540052623,-25.91942462074823,953,46.729166666666664
rf_fold772,-191.06845831831967,-0.9106845831831967,-25.853859116050934,1005,46.85185185185185
rf_fold365,-192.13308171430987,-0.9213308171430987,-26.493946156767695,933,46.52935452481349
rf_fold890,-192.89653139409825,-0.9289653139409824,-26.08763856695769,957,47.208333333333336
rf_fold1194,-193.1126485845559,-0.931126485845559,-26.661546545853717,884,45.898564150069475
rf_fold790,-193.58276150593574,-0.9358276150593574,-26.52845892799885,937,46.574074074074076
rf_fold983,-198.56985337941708,-0.9856985337941708,-26.96676959661944,976,46.45445074661419
rf_fold351,-200.55850275397944,-1.0055850275397944,-27.779785462929173,884,46.64665603601914
rf_fold155,-201.23788229845516,-1.0123788229845516,-27.562915645562928,921,46.38657407407407
rf_fold1073,-202.24355290002185,-1.0224355290002185,-27.276155990816406,1030,46.81481481481482
rf_fold496,-203.0930993539621,-1.030930993539621,-28.073517005955768,879,46.16898148148148
rf_fold476,-204.31511821110382,-1.0431511821110382,-27.983174988150605,908,46.11093106162322
rf_fold1056,-204.84463605294286,-1.0484463605294287,-27.62840743935738,1025,46.875
rf_fold906,-205.32807811809582,-1.0532807811809581,-28.277932460495705,923,46.52546296296297
rf_fold823,-205.33261396036485,-1.0533261396036484,-27.460967570288258,1064,46.896918910159954
rf_fold910,-208.65039714836442,-1.0865039714836442,-28.920578369149645,876,46.1875
rf_fold585,-211.2394299552979,-1.112394299552979,-28.383366326242967,1057,46.729166666666664
rf_fold1059,-213.232002583534,-1.13232002583534,-28.557484541946785,1069,46.4837962962963
rf_fold73,-213.56903796632264,-1.1356903796632265,-29.216542367129602,931,46.270833333333336
rf_fold630,-213.56986092397028,-1.1356986092397028,-29.05402275550222,982,46.46172365101044
rf_fold1382,-214.84129104385295,-1.1484129104385294,-29.48106142340594,935,46.08669476219145
rf_fold142,-214.96067858398717,-1.1496067858398717,-28.877536750608375,1020,46.63888888888889
rf_fold1395,-215.0626444190375,-1.150626444190375,-28.8589640774628,1015,46.370370370370374
rf_fold570,-215.28054381483432,-1.1528054381483432,-29.38341175332945,950,45.905092592592595
rf_fold1174,-216.15473541523426,-1.1615473541523427,-28.723829945364784,1105,46.98446507535943
rf_fold968,-216.94095218290136,-1.1694095218290137,-28.826159725187622,1105,46.59953703703704
rf_fold1287,-217.25253149889872,-1.1725253149889872,-29.012596616278618,1051,46.23202833792512
rf_fold1225,-217.60171613205364,-1.1760171613205364,-29.706128066088812,966,46.17824074074074
rf_fold436,-217.788374971098,-1.17788374971098,-29.216103604176357,1043,46.28703703703704
rf_fold766,-225.77287465683878,-1.2577287465683877,-30.012202972324413,1069,46.76851851851852
rf_fold972,-226.3767820206657,-1.263767820206657,-30.018096303694104,1130,47.236111111111114
rf_fold914,-226.57889280188223,-1.2657889280188224,-30.440254861792283,1037,46.15954442335293
rf_fold1412,-226.62452421959972,-1.266245242195997,-30.2856941607196,1065,46.235588276149464
rf_fold13,-228.0671585059795,-1.2806715850597952,-30.417162492741582,1084,46.73148148148148
rf_fold1386,-228.87148271180396,-1.2887148271180395,-30.33667120962344,1117,46.63194444444444
rf_fold238,-229.83142612459693,-1.2983142612459693,-30.704511469917666,1076,46.86574074074074
rf_fold632,-233.24044049994708,-1.3324044049994708,-31.110260119612143,1082,46.24913174345913
rf_fold601,-234.65551081133657,-1.3465551081133658,-30.902373195816082,1162,46.57236126224157
rf_fold1405,-236.92849062743085,-1.3692849062743084,-31.15383648259258,1165,46.99861046780917
rf_fold457,-237.42484705477108,-1.3742484705477107,-31.955556147572516,1032,46.06944444444444
rf_fold1223,-238.91754468963055,-1.3891754468963056,-31.713594991888357,1112,46.585648148148145
rf_fold266,-240.02780028563083,-1.4002780028563082,-31.786366029763514,1107,46.47222222222222
rf_fold553,-240.43866357827798,-1.40438663578278,-31.790566823003577,1110,46.42774459415659
rf_fold1144,-242.67781126304158,-1.4267781126304158,-31.95542822052261,1135,46.38160940827854
rf_fold352,-243.11176587952747,-1.4311176587952747,-32.41787566193711,1064,46.157407407407405
rf_fold28,-243.61761812994357,-1.4361761812994356,-32.036212266851564,1151,46.1875
rf_fold1360,-243.8117343440254,-1.438117343440254,-32.01629195608194,1149,46.62468747106214
rf_fold1346,-246.8561574928157,-1.4685615749281569,-32.280050056750206,1194,46.27546296296296
rf_fold167,-247.24197195559933,-1.4724197195559934,-32.63140498323899,1142,46.372181321479836
rf_fold1216,-252.98365853551635,-1.5298365853551634,-32.86858417785333,1226,46.51851851851852
rf_fold986,-255.25156817563274,-1.5525156817563275,-32.93123309899843,1263,46.916666666666664
rf_fold408,-256.84401447006246,-1.5684401447006246,-33.50278495209771,1222,46.66203703703704
rf_fold602,-257.3121382913773,-1.5731213829137731,-33.10365217374481,1300,46.7962962962963
rf_fold1334,-258.4905264617998,-1.5849052646179977,-33.54736722987876,1247,46.574074074074076
rf_fold198,-260.6770945157896,-1.606770945157896,-34.113757870965415,1210,46.47222222222222
rf_fold439,-261.1798095944322,-1.6117980959443217,-34.22177404224144,1211,46.46296296296296
rf_fold442,-262.5182420184353,-1.6251824201843528,-34.190234446964816,1211,46.620370370370374
rf_fold187,-266.3552028584856,-1.663552028584856,-34.54533708485635,1222,46.625
rf_fold162,-266.442557489425,-1.66442557489425,-34.48811253792764,1250,46.589804139463816
rf_fold207,-268.7557598009421,-1.687557598009421,-34.68928545292268,1256,46.73148148148148
rf_fold339,-268.87542038840706,-1.6887542038840708,-34.98974581888413,1250,46.87268518518518
rf_fold929,-269.9083916298774,-1.6990839162987745,-34.787230530764035,1250,46.01620370370371
rf_fold775,-270.2610778944788,-1.7026107789447877,-34.82258897689175,1273,46.2037037037037
rf_fold542,-270.3380050196501,-1.7033800501965009,-35.28442092025957,1231,46.523148148148145
rf_fold1340,-275.32415966444273,-1.7532415966444272,-35.611014190866115,1263,46.38888888888889
rf_fold109,-276.4330636865533,-1.764330636865533,-35.98065479476107,1247,46.87962962962963
rf_fold151,-279.3299722581668,-1.7932997225816676,-35.732393832852225,1317,46.6412037037037
rf_fold1,-279.70820744645835,-1.7970820744645835,-35.827283119424486,1271,46.550925925925924
rf_fold1415,-280.32858228006194,-1.8032858228006194,-36.076180428616304,1276,46.25891286230207
rf_fold99,-280.8780172153073,-1.8087801721530727,-36.05485998137573,1275,45.86873480726936
rf_fold1239,-281.95553482174114,-1.8195553482174116,-35.86390371251879,1331,46.74074074074074
rf_fold293,-283.09658945529213,-1.8309658945529215,-36.58498439081672,1283,46.56018518518519
rf_fold748,-284.55338678058723,-1.8455338678058721,-36.09675013388801,1357,46.675925925925924
rf_fold1238,-285.2796605344744,-1.8527966053447438,-36.268462334625546,1336,46.449074074074076
rf_fold337,-288.07231793719745,-1.8807231793719743,-36.72023157354708,1358,46.55755162515048
rf_fold1224,-289.0313218683625,-1.890313218683625,-36.803089383507576,1378,46.36112977594477
rf_fold37,-293.8104407252611,-1.9381044072526112,-37.3401220379038,1359,46.513888888888886
rf_fold1158,-295.3841008170354,-1.9538410081703539,-37.484974670945626,1358,46.2635429206408
rf_fold1237,-295.85527299089637,-1.9585527299089636,-37.64037396700561,1326,46.03703703703704
rf_fold308,-297.43221333997633,-1.9743221333997631,-38.187602814395014,1315,46.29132327067321
rf_fold275,-298.361236876996,-1.9836123687699598,-38.055001597503946,1348,46.21171786383944
rf_fold1048,-300.8793472284417,-2.0087934722844167,-38.249953249327895,1351,46.05324074074074
rf_fold1039,-307.2148595296693,-2.072148595296693,-39.39035050266025,1302,46.55755162515048
rf_fold756,-308.99488726365297,-2.08994887263653,-39.1998035613975,1381,46.827179071651805
rf_fold1147,-309.83424771142813,-2.098342477114281,-38.82952759576128,1447,46.437170108343366
rf_fold40,-314.49560141085857,-2.144956014108586,-39.73997879644826,1395,46.033105683528184
rf_fold1091,-317.3823850401725,-2.1738238504017247,-39.230002094776815,1539,47.65277777777778
rf_fold1229,-318.90051006515466,-2.1890051006515465,-40.20456250129249,1409,45.7962962962963
rf_fold1082,-319.30111013119864,-2.1930111013119866,-39.793857531636256,1473,46.469907407407405
rf_fold998,-333.9612397033354,-2.3396123970333544,-41.73390724789093,1483,46.56126299219889
rf_fold295,-334.60314595572777,-2.3460314595572775,-41.41626380328309,1586,47.36342592592593
rf_fold236,-335.4472756586026,-2.354472756586026,-41.326056526543944,1555,46.311086418038286
rf_fold326,-336.40816555558706,-2.3640816555558706,-41.49685679090818,1548,46.504629629629626
rf_fold1406,-338.57290801530615,-2.3857290801530615,-41.44400639319799,1581,46.451388888888886
rf_fold1205,-338.9772566609528,-2.389772566609528,-42.223553189057334,1468,45.863425925925924
rf_fold576,-343.3961328166103,-2.433961328166103,-41.846517009671125,1646,46.50694444444444
rf_fold634,-345.81996091880524,-2.4581996091880525,-42.55488648484451,1561,46.19675925925926
rf_fold1080,-352.97062056970407,-2.5297062056970407,-42.83738664837195,1643,46.488425925925924
rf_fold176,-356.10962575998747,-2.561096257599875,-43.5314973109672,1605,46.0787037037037
rf_fold658,-359.74419068070085,-2.5974419068070085,-44.26240891987968,1601,46.0787037037037
rf_fold877,-361.10117615945165,-2.6110117615945163,-44.03559941750124,1645,46.30787037037037
rf_fold180,-361.74427996813614,-2.6174427996813616,-44.356330280769534,1597,46.176463778853055
rf_fold699,-362.37110825791206,-2.6237110825791206,-43.64491829682376,1709,46.33163501621121
rf_fold1113,-366.7006912834029,-2.6670069128340286,-43.91376809819179,1723,46.81944444444445
rf_fold1273,-371.0423139021467,-2.710423139021467,-45.147576789275924,1639,46.31944444444444
rf_fold1398,-373.7361863034058,-2.7373618630340584,-45.60443813710808,1622,45.914162692717255
rf_fold693,-375.34195585617215,-2.7534195585617214,-44.94119425039729,1755,46.81944444444445
rf_fold1311,-375.78247683668405,-2.7578247683668407,-44.807580476369715,1785,46.22632773070334
rf_fold988,-383.36287630427205,-2.8336287630427206,-45.99628409500194,1719,45.923611111111114
rf_fold1159,-387.69430291626855,-2.8769430291626854,-46.1076163120389,1798,47.041248813025454
rf_fold874,-387.73809116073255,-2.8773809116073252,-46.27411055520688,1783,46.6412037037037
rf_fold217,-390.7029204143801,-2.907029204143801,-46.36059838353906,1807,46.13621631632559
rf_fold905,-390.85513208041067,-2.9085513208041065,-46.67485989368355,1773,46.28703703703704
rf_fold1295,-392.48345414392145,-2.9248345414392145,-46.88292956122063,1764,45.8986409834927
rf_fold637,-395.30791350359664,-2.953079135035966,-46.91232203565735,1795,46.30555555555556
rf_fold966,-396.41922045405653,-2.9641922045405655,-47.29400100860095,1761,46.0462962962963
rf_fold324,-399.9272243953386,-2.999272243953386,-47.069721106697834,1859,46.57175925925926
rf_fold574,-401.2544085412432,-3.012544085412432,-47.3418652040065,1857,46.326388888888886
rf_fold720,-401.2884319946257,-3.0128843199462567,-47.36090745360238,1858,46.16631169552736
rf_fold925,-404.5824351419384,-3.045824351419384,-47.80954827295218,1851,46.00300960759347
rf_fold606,-412.41578304741705,-3.1241578304741706,-48.37747053744719,1875,46.145833333333336
rf_fold1143,-412.9301195282272,-3.129301195282272,-49.1243132815637,1815,46.11574074074074
rf_fold1116,-414.7972313597274,-3.1479723135972737,-48.52764558221314,1924,46.004629629629626
rf_fold491,-415.34281217523636,-3.1534281217523636,-48.608840118397616,1898,46.19444444444444
rf_fold698,-416.39488056433834,-3.1639488056433835,-48.774457713184155,1895,46.375
rf_fold360,-416.96066561574935,-3.1696066561574936,-48.93738973010002,1859,46.12268518518518
rf_fold659,-424.65428511679477,-3.2465428511679475,-49.40524912662251,1941,46.4837962962963
rf_fold356,-434.13016096103615,-3.341301609610362,-50.16122432826339,2040,47.476851851851855
rf_fold1049,-438.32031882959825,-3.3832031882959823,-51.09449921808759,1963,46.16898148148148
rf_fold274,-438.8079140687327,-3.388079140687327,-50.77094019814576,1997,46.210648148148145
rf_fold595,-441.2607313877097,-3.412607313877097,-50.970820376562365,2044,46.02777777777778
rf_fold535,-443.66778122610447,-3.4366778122610446,-51.034531180364894,2100,46.60648148148148
rf_fold1010,-445.51420437455647,-3.455142043745565,-51.43885859201467,2025,46.280092592592595
rf_fold292,-445.75440399863834,-3.4575440399863835,-51.3571379300171,2043,46.145833333333336
rf_fold780,-449.2697282192588,-3.492697282192588,-51.63001867147156,2039,46.077092256048154
rf_fold902,-458.44555962932486,-3.5844555962932487,-52.945195166884886,2048,46.300925925925924
rf_fold433,-463.76901246934096,-3.6376901246934095,-52.57191216056068,2148,46.173611111111114
rf_fold703,-468.74395039137227,-3.6874395039137227,-53.37388205838109,2119,46.12268518518518
rf_fold126,-473.47314064392066,-3.7347314064392068,-53.85389983930445,2145,46.15972222222222
rf_fold1367,-480.93573810431786,-3.8093573810431787,-54.192086867481315,2193,46.375
rf_fold863,-488.02360152311184,-3.8802360152311186,-54.83890281837993,2223,45.96703245821179
rf_fold814,-490.6950861795113,-3.9069508617951128,-55.15270276524902,2243,46.33564814814815
rf_fold990,-494.48696641570945,-3.9448696641570944,-55.34245791984717,2261,46.37962962962963
rf_fold403,-502.17865184201526,-4.021786518420153,-56.12831073466213,2263,46.17129629629629
rf_fold138,-507.6104511897158,-4.0761045118971575,-56.17502514883905,2419,47.35185185185185
rf_fold22,-509.8620858407762,-4.098620858407762,-56.819934794600016,2343,46.38657407407407
rf_fold204,-515.4538928959195,-4.1545389289591945,-57.32867914731136,2325,46.24768518518518
rf_fold150,-520.8547648493059,-4.208547648493059,-58.011219287101305,2307,46.14351851851852
rf_fold366,-524.8256674643695,-4.248256674643695,-58.134279621872224,2373,45.88425925925926
rf_fold26,-530.346511201462,-4.30346511201462,-58.45075106245795,2413,46.18055555555556
rf_fold377,-531.2482437120319,-4.31248243712032,-58.50561014592059,2411,45.85648148148148
rf_fold931,-537.3502658507971,-4.373502658507971,-58.81345908721355,2413,46.182870370370374
rf_fold808,-551.7448633003326,-4.517448633003325,-60.0052130857071,2495,46.520833333333336
rf_fold468,-552.607960811822,-4.526079608118219,-60.228108904269696,2499,45.817129629629626
rf_fold1376,-552.6592167300989,-4.52659216730099,-60.07419165735777,2503,46.13408028149452
rf_fold663,-554.4230881668042,-4.5442308816680415,-60.58562093721058,2491,45.86998796184832
rf_fold1007,-555.0251549796066,-4.550251549796066,-60.48865077828389,2499,46.05555555555556
rf_fold538,-557.1892249519565,-4.571892249519565,-60.61705224048042,2567,47.31018518518518
rf_fold256,-559.3747729174103,-4.593747729174103,-60.8078208887335,2527,46.145833333333336
rf_fold824,-563.9389118230508,-4.6393891182305085,-61.028803718503255,2573,46.0787037037037
rf_fold422,-572.1341906007875,-4.721341906007876,-61.60765478765444,2616,46.22222222222222
rf_fold837,-572.4400808465432,-4.7244008084654325,-61.68614467274496,2615,46.24074074074074
rf_fold1126,-602.9860280880702,-5.029860280880702,-64.17647533232818,2683,45.89351851851852
rf_fold563,-622.6176517631317,-5.226176517631317,-65.321493744568,2879,46.22222222222222
rf_fold947,-630.3193816404593,-5.303193816404592,-66.1517686463169,2867,45.870179174961805
rf_fold1288,-650.0228188173649,-5.500228188173648,-67.33895643733038,3037,47.32870370370371
rf_fold1142,-657.219955667766,-5.572199556677661,-68.07412189146731,2929,45.93981481481482
rf_fold65,-666.6192742079099,-5.666192742079099,-68.76901202535629,3033,46.18518518518518
rf_fold1321,-671.6275274188297,-5.7162752741882965,-69.25346755102284,3013,45.62268518518518
rf_fold1128,-719.3226485229939,-6.193226485229938,-72.34469486791443,3274,46.14351851851852
rf_fold487,-762.097153474847,-6.62097153474847,-75.79581147984908,3415,45.861111111111114
rf_fold897,-865.1506898693331,-7.651506898693331,-82.76114094053857,3879,45.59722222222222
rf_fold689,-999.1786927497395,-8.991786927497396,-91.19881986019928,4580,46.2037037037037
